"","ID","Myyu1","Myyu2","Myyu3","Myca1","Myca2","Myca3","Myci1","Myci2","Myci3","Myvo1","Myvo2","Myvo3","Mylu1","Mylu2","Mylu3","Pahe1","Pahe2","Pahe3","Labl1","Labl2","Labl3","Myev1","Myev2","Myev3","Anpa1","Anpa2","Anpa3","Epfu1","Epfu2","Epfu3","Lano1","Lano2","Lano3","Myth1","Myth2","Myth3","Tabr1","Tabr2","Tabr3","Laci1","Laci2","Laci3","Coto1","Coto2","Coto3","Euma1","Euma2","Euma3","Eupe1","Eupe2","Eupe3","AreaPerHa","Average","Sd","count","LAT","LONG","START.DATE","END.DATE","CANOPY.COVER","WOODY","HERBACIOUS","GRASS","NAKED.SOIL","ROCKY","DOWN.WOOD","LEAF.LITTER","Start.1","End.1","Start.2","End.2","Start.3","End.3","Distance.to.water","Distance.to.road","Existing.vegetation","Altitude","Burn.intensity.soil","Burn.intensity.Canopy","Burn.intensity.basal","fire_dist","forest_dist","Julian1","Julian2","Julian3","maxhum1","maxhum2","maxhum3","maxTem1","maxTem2","maxTem3","meanhum1","meanhum2","meanhum3","meanTem1","meanTem2","meanTem3","minhum1","minhum2","minhum3","minTem1","minTem2","minTem3","sdhum1","sdhum2","sdhum3","sdTem1","sdTem2","sdTem3"
"1","H1FS3",0,0,0,1,1,1,0,0,0,0,0,0,0,0,0,0,0,0,0,0,0,1,1,1,0,0,0,1,0,0,0,0,0,0,0,1,0,0,1,0,0,0,0,0,0,0,0,0,0,0,0,60.158271329793,0.261557701433883,0.275083213549091,23,39.8414,-121.47158,2015-07-06,2015-07-09,75.296,7.11382113821138,0.203252032520325,0,1.01626016260163,0,15.4471544715447,16.869918699187,2015-07-06,2015-07-07,2015-07-07,2015-07-08,2015-07-08,2015-07-09,5.7890944480896,5.7890944480896,4.20439529418945,1196.11413574219,1.64887881278992,1,1,0,6.65723514556885,187.053483796296,188.053483796296,189.053483796296,74,73,89,19,18,17,68.2727272727273,68,79.1818181818182,16.6363636363636,16.4545454545455,14.8181818181818,59,63,66,15,15,13,5.60519239796297,3,7.75652218224356,1.36181696807811,1.12815214963553,1.16774841624228
"2","H1FS4",1,0,0,0,0,0,1,1,1,0,0,0,0,0,0,0,0,0,0,0,0,1,1,1,0,0,0,0,0,0,0,0,0,0,0,0,0,0,0,0,0,0,0,0,0,0,0,0,0,0,0,77.8539831015213,0.432522128341785,0.193345129630667,18,40.16163,-120.75518,2015-07-21,2015-07-24,37.232,1.6260162601626,2.23577235772358,1.21951219512195,6.30081300813008,0.203252032520325,7.92682926829268,21.1382113821138,2015-07-21,2015-07-22,2015-07-22,2015-07-23,2015-07-23,2015-07-24,5.78442049026489,5.78442049026489,4.86060953140259,2073.54052734375,1.99919354915619,1.08549332618713,1.0940318107605,0,7.45503282546997,202.054178240741,203.054178240741,204.054178240741,99,59,59,14,12,11,92.8181818181818,54.3636363636364,50.3636363636364,12.1818181818182,10.0909090909091,9.45454545454546,87,51,45,11,9,8,4.49039378714566,2.46059859679417,4.69622672520668,0.873862897505303,0.943879807448539,0.820199532264725
"3","H1FS5",0,0,0,1,1,1,0,0,0,0,0,0,0,0,0,0,0,0,0,0,0,0,0,0,0,0,0,0,0,0,0,0,0,0,0,0,0,1,1,0,0,0,0,0,0,0,0,0,0,0,0,20.0478457534159,0.222753841704621,0.207792630008675,9,40.21116,-120.81617,2015-07-21,2015-07-24,19.76,14.2276422764228,1.82926829268293,3.2520325203252,1.82926829268293,14.4308943089431,5.08130081300813,0,2015-07-21,2015-07-22,2015-07-22,2015-07-23,2015-07-23,2015-07-24,5.78369283676147,6.05258417129517,3.48942542076111,1645.88220214844,3,2.24983263015747,3.72198963165283,0,7.91137266159058,202.056956018519,203.056956018519,204.056956018519,100,70,88,14,13,12,100,65.5454545454545,65.9090909090909,12.6363636363636,10.6363636363636,8.90909090909091,100,58,46,11,9,6,0,3.5598774238346,13.5237165413546,0.80903983495589,1.2862913567872,1.92117388356939
"4","H1FS8",0,0,0,1,1,1,0,0,0,0,0,0,0,0,0,0,0,0,0,0,0,1,0,0,0,0,0,0,1,1,0,0,0,0,0,0,1,1,0,0,0,0,0,0,0,0,0,0,0,0,0,2.63297665695524,0.263297665695524,0,1,39.93301,-121.3286,2015-07-14,2015-07-17,2.08,8.53658536585366,0.609756097560976,3.65853658536585,10.1626016260163,15.2439024390244,2.4390243902439,0,2015-07-14,2015-07-15,2015-07-15,2015-07-16,2015-07-16,2015-07-17,0,6.88433170318604,12,1029.74877929688,4,5,6.43465518951416,0,7.34874582290649,195.059722222222,196.059722222222,197.059722222222,78,68,81,31,34,35,63.3636363636364,53.7272727272727,64.7272727272727,15.6363636363636,18.2727272727273,19.5454545454545,30,27,30,11,14,15,12.6512665553511,12.1085994986283,14.043439102235,5.4455987232393,5.51526806403658,5.62785281192812
"5","H1NFS11",0,0,0,0,0,0,0,0,0,0,0,0,0,0,0,0,0,0,0,0,0,0,0,0,0,0,0,0,0,0,1,1,0,0,0,0,1,0,0,1,0,0,0,0,0,0,0,0,0,0,0,10.6843002608984,0.106843002608984,0.0981242814976755,10,39.88726,-120.66755,2015-06-22,2015-06-25,54.912,14.8373983739837,2.03252032520325,0,5.28455284552846,3.86178861788618,6.50406504065041,8.13008130081301,2015-06-22,2015-06-23,2015-06-23,2015-06-24,2015-06-24,2015-06-25,5.78843021392822,0,3,1866.537109375,0,0,0,8.13454532623291,0,173.029872685185,174.029872685185,175.029872685185,44,67,65,12,16,17,36.9090909090909,59.9090909090909,58.7272727272727,9.09090909090909,12,14.6363636363636,30,53,52,8,10,13,4.2767872393783,3.2696955654784,4.05193556441632,1.22102788293679,1.61245154965971,1.2862913567872
"6","H1NFS12",0,0,0,0,0,0,0,0,0,0,0,0,0,0,0,0,0,0,0,0,0,0,0,0,0,0,0,0,0,0,1,0,0,0,0,0,1,1,1,0,0,1,0,0,0,0,0,0,0,0,0,47.4064525010924,0.18962581000437,0.254726649813519,25,40.01299,-120.65998,2015-06-23,2015-06-26,77.792,3.04878048780488,0.203252032520325,0,0.813008130081301,0,22.7642276422764,13.8211382113821,2015-06-23,2015-06-24,2015-06-24,2015-06-25,2015-06-25,2015-06-26,5.78659725189209,0,3.38104915618896,1952.39001464844,0,0,0,8.04086780548096,0,174.046539351852,175.046539351852,176.046539351852,55,53,50,18,21,21,47.5454545454545,47.4545454545455,42,15,17.1818181818182,18.8181818181818,41,44,34,13,15,17,4.39007144278169,2.80583806958407,5.79655069847578,1.61245154965971,2.08893187146837,1.4709304414677
"7","H1NFS5",0,0,0,0,0,0,0,0,0,0,0,0,0,0,0,0,0,0,0,0,0,1,0,1,0,0,0,0,0,0,0,0,0,0,1,0,0,0,0,0,0,0,0,0,0,0,0,0,0,0,0,6.03324804964162,0.0603324804964162,0.0451815365053094,10,39.94068,-120.76662,2015-07-28,2015-07-31,55.536,17.6829268292683,0.203252032520325,0,4.47154471544715,5.08130081300813,7.52032520325203,5.69105691056911,2015-07-28,2015-07-29,2015-07-29,2015-07-30,2015-07-30,2015-07-31,5.78765344619751,0,4.91245317459106,1725.16015625,0,0,0,8.12703704833984,0,209.058333333333,210.058333333333,211.058333333333,30,35,41,18,20,23,25.0909090909091,29.9090909090909,35.3636363636364,16.1818181818182,17.9090909090909,19.2727272727273,23,26,28,14,17,17,1.97253874256226,2.80907619884351,5.08473651771116,1.32801971507819,1.04446593573419,2.05382127220988
"8","H1NFS9",0,0,0,0,1,1,0,0,0,0,0,0,0,0,0,0,0,0,0,0,0,0,1,0,0,0,0,0,1,0,0,0,0,0,0,0,0,0,1,0,1,1,0,0,0,0,0,0,0,0,0,50.5457910619532,0.459507191472302,0.48633192645333,11,39.81863,-121.14384,2015-06-30,2015-07-03,58.448,15.4471544715447,1.82926829268293,0,1.21951219512195,0.40650406504065,10.7723577235772,10.9756097560976,2015-06-30,2015-07-01,2015-07-01,2015-07-02,2015-07-02,2015-07-03,5.78942632675171,0,6.72696399688721,1713.31298828125,0,0,0,7.14962768554688,0,181.038206018519,182.038206018519,183.038206018519,62,60,96,22,19,20,52.5454545454545,53.5454545454545,85.7272727272727,19.1818181818182,18.0909090909091,16.7272727272727,47,44,56,18,17,16,4.10764254441976,4.50252454437811,11.0823364782965,1.07871977994119,0.539359889970594,1.27207775634268
"9","H2FS12",0,0,0,0,1,0,1,1,1,0,0,0,0,0,0,0,0,0,0,0,0,0,0,1,0,0,0,1,0,0,0,0,1,0,0,1,1,1,1,1,1,0,0,0,0,0,0,0,0,0,0,3.97569335709952,0.132523111903317,0.109588609029978,3,40.02063,-120.38555,2015-07-13,2015-07-16,6.032,3.86178861788618,3.86178861788618,14.0243902439024,11.5853658536585,1.42276422764228,4.47154471544715,1.21951219512195,2015-07-13,2015-07-14,2015-07-14,2015-07-15,2015-07-15,2015-07-16,5.78648614883423,5.78648614883423,14.3804178237915,1887.27746582031,1.94993126392365,1.94993150234222,2.59990859031677,0,5.78648614883423,194.047233796296,195.047233796296,196.047233796296,96,100,81,25,22,25,81.3636363636364,84.4545454545455,73.1818181818182,8.90909090909091,8.45454545454546,12.2727272727273,33,48,35,5,5,9,17.6820401949137,14.3691588923196,13.1591654888764,5.61167613916814,4.63386742071105,4.45176165334374
"10","H2FS2",1,0,0,1,1,1,1,0,0,0,0,0,1,0,1,0,0,0,0,0,0,1,1,1,0,0,0,1,1,1,1,1,1,1,1,1,1,0,1,1,0,0,0,0,0,0,0,0,0,0,0,7.33812426627341,0.146762485325468,0.125001947065612,5,40.19218,-120.57217,2015-07-26,2015-07-29,5.408,4.8780487804878,1.21951219512195,0.609756097560976,16.4634146341463,12.8048780487805,1.21951219512195,3.45528455284553,2015-07-26,2015-07-27,2015-07-27,2015-07-28,2015-07-28,2015-07-29,0,6.05258417129517,13.5366086959839,1639.97216796875,3.86415147781372,4.72830295562744,6.59245443344116,0,7.14962768554688,207.031261574074,208.031261574074,209.031261574074,77,62,57,19,20,21,58.2727272727273,38.7272727272727,39.6363636363636,13.3636363636364,13.3636363636364,13.1818181818182,37,27,22,9,9,9,14.1851394712277,10.4603146137285,11.8175524307932,3.55732279313326,3.64067925730151,3.76346068979555
"11","H2FS5",0,0,0,0,0,1,0,0,0,0,0,0,0,0,0,0,0,0,0,0,0,1,0,1,0,0,0,1,1,1,1,1,1,0,0,0,1,1,1,1,1,1,0,0,0,0,0,0,0,0,0,17.4195265075696,0.580650883585653,0.30951176093189,3,40.17303,-120.62178,2015-07-26,2015-07-29,2.912,15.4471544715447,1.01626016260163,2.23577235772358,7.92682926829268,8.53658536585366,2.4390243902439,1.82926829268293,2015-07-26,2015-07-27,2015-07-27,2015-07-28,2015-07-28,2015-07-29,0,0,17.7566184997559,1601.45593261719,3.98384237289429,1.91606616973877,2.16527962684631,0,7.51221084594727,207.036122685185,208.036122685185,209.036122685185,91,51,53,16,16,17,68.5454545454545,40.3636363636364,35.1818181818182,10.4545454545455,11.1818181818182,12.3636363636364,38,32,24,6,8,9,19.7755588359148,7.73657194463707,8.97572483778532,3.61562266735998,3.15652282799228,2.76668492144398
"12","H2FS6",0,0,0,0,0,0,0,0,0,0,0,0,0,0,0,0,0,0,0,0,0,1,0,0,0,0,0,0,0,0,0,0,0,0,0,0,1,0,0,0,0,0,0,0,0,0,0,0,0,0,0,0,0,0,1,39.86057,-120.26261,2015-07-07,2015-07-10,1.664,5.69105691056911,0.203252032520325,2.03252032520325,4.8780487804878,26.219512195122,1.42276422764228,0.203252032520325,2015-07-07,2015-07-08,2015-07-08,2015-07-09,2015-07-09,2015-07-10,0,6.05258417129517,15.0616312026978,1876.82263183594,1.74601078033447,2.07168507575989,3.11583113670349,0,6.28370904922485,188.029872685185,189.029872685185,190.029872685185,100,100,100,13,9,8,90.6363636363636,19.6363636363636,100,10.7272727272727,6.90909090909091,6.63636363636364,76,0,100,8,6,5,7.04659814765575,39.8052075167879,0,1.34839972492648,1.04446593573419,1.12006493318265
"13","H2NFS4",0,0,0,0,0,0,0,0,0,0,0,0,1,0,0,0,0,0,0,0,0,0,1,1,0,1,1,1,0,0,0,0,0,0,0,0,0,0,1,0,0,0,0,0,0,0,0,0,0,0,0,101.211543839384,0.349005323584082,0.147060994088487,29,39.6929,-120.59138,2015-06-22,2015-06-25,59.696,2.4390243902439,4.47154471544715,0,5.69105691056911,0,16.260162601626,11.7886178861789,2015-06-22,2015-06-23,2015-06-23,2015-06-24,2015-06-24,2015-06-25,0,0,18.8759994506836,2098.38647460938,0,0,0,9.53417491912842,0,173.04306712963,174.04306712963,175.04306712963,54,71,73,11,14,17,41.6363636363636,66,68.2727272727273,9.27272727272727,11.7272727272727,13.9090909090909,26,60,58,8,10,12,10.4906885119398,3.71483512420134,4.64953565618996,1.00904995821903,1.1908743922773,1.44599761096244
"14","H2NFS5",1,0,0,1,0,0,0,0,0,1,0,0,0,0,0,0,0,0,0,0,0,1,0,0,0,0,0,1,0,0,1,1,1,0,0,0,1,0,1,1,1,1,1,0,0,0,0,0,0,0,0,6.06189347293589,0.606189347293589,0,1,40.04793,-120.36968,2015-06-09,2015-06-12,43.888,14.2276422764228,0.40650406504065,22.5609756097561,1.01626016260163,0,0,2.4390243902439,2015-06-09,2015-06-10,2015-06-10,2015-06-11,2015-06-11,2015-06-12,0,0,15.2945880889893,1839.81286621094,0.24802029132843,0.128127008676529,0.128127008676529,0,5.78609609603882,160.029861111111,161.029861111111,162.029861111111,100,100,100,16,13,16,100,100,100,10.7272727272727,7.09090909090909,7.18181818181818,100,100,100,8,1,4,0,0,0,2.2401298663653,4.06090003458705,3.89405140742086
"15","H2NFS6",0,0,0,1,1,1,0,0,0,0,1,1,0,0,0,0,0,0,0,0,0,1,1,1,0,0,0,0,1,0,0,0,0,0,0,0,1,0,0,0,0,0,0,0,0,0,0,0,0,0,0,12.0891077124074,0.120891077124074,0.072004737197075,10,39.81866,-120.54942,2015-07-28,2015-07-31,52,2.4390243902439,3.04878048780488,0.609756097560976,2.03252032520325,0.203252032520325,4.8780487804878,27.4390243902439,2015-07-28,2015-07-29,2015-07-29,2015-07-30,2015-07-30,2015-07-31,0,6.05258417129517,13.6978626251221,1657.37097167969,0,0,0,8.46328449249268,0,209.027094907407,210.027094907407,211.027094907407,37,43,45,18,22,26,33.4545454545455,36.4545454545455,35.7272727272727,14,16.5454545454545,19.1818181818182,29,27,23,12,14,16,2.58316226217543,4.74054082070045,7.66930126010068,2.0976176963403,2.50454132981017,3.34120283186106
"16","H2NFS8",0,0,0,0,0,0,0,0,0,0,0,0,1,1,1,0,0,0,0,1,0,1,1,1,0,1,0,0,0,0,1,1,1,0,1,0,1,1,1,1,1,1,0,0,0,0,0,0,0,0,0,3.73433200677331,0.0414925778530368,0.0402672455244097,9,39.93687,-120.61807,2015-06-08,2015-06-11,30.576,2.4390243902439,5.28455284552846,0,2.03252032520325,11.1788617886179,8.53658536585366,11.1788617886179,2015-06-08,2015-06-09,2015-06-09,2015-06-10,2015-06-10,2015-06-11,0,5.78770923614502,3,1859.33740234375,0,0,0,8.95458889007568,0,159.037511574074,160.037511574074,161.037511574074,83,100,100,22,18,14,72.2727272727273,92.8181818181818,100,12.8181818181818,12.6363636363636,9.63636363636364,45,56,100,10,11,6,11.2168704110452,15.2893308016942,0,3.6281725928677,2.29227953237502,2.76668492144398
"17","H2NFS9",1,0,0,1,1,1,0,0,0,0,0,1,1,1,1,0,0,0,0,1,0,0,1,0,0,0,0,0,1,1,1,1,0,0,0,0,1,1,1,1,1,0,0,0,0,0,0,0,0,0,0,0.36619189368406,0.018309594684203,0.00254077368025932,2,40.16164,-121.21246,2015-06-15,2015-06-18,59.072,7.92682926829268,0,0,0.813008130081301,21.9512195121951,3.86178861788618,6.09756097560976,2015-06-15,2015-06-16,2015-06-16,2015-06-17,2015-06-17,2015-06-18,0,7.74483013153076,15.7274599075317,1515.00939941406,0.0113522717729211,0.0113522280007601,0.0113522280007601,0,0,166.038900462963,167.038900462963,168.038900462963,70,69,68,16,17,18,44.8181818181818,47,49.9090909090909,11.7272727272727,12.1818181818182,12.6363636363636,23,31,31,9,9,9,15.6001165496812,13.1833227981416,10.56839198227,2.32769882462956,2.71360210119987,2.76668492144398
"18","H3FS1",1,1,1,1,1,1,1,0,0,1,1,0,1,1,0,1,1,1,1,0,0,1,1,1,1,1,0,1,1,1,1,1,1,1,1,0,1,1,1,1,1,1,1,1,0,0,1,0,0,0,0,12.8063882930934,0.213439804884891,0.160555132076211,6,40.01896,-121.25504,2015-07-20,2015-07-23,9.984,18.9024390243902,0.609756097560976,5.89430894308943,3.2520325203252,6.50406504065041,4.26829268292683,1.01626016260163,2015-07-20,2015-07-21,2015-07-21,2015-07-22,2015-07-22,2015-07-23,0,7.17047595977783,12,989.327697753906,3.20470094680786,4.01240396499634,6.11746788024902,0,8.08630561828613,NA,NA,NA,NA,NA,NA,NA,NA,NA,NA,NA,NA,NA,NA,NA,NA,NA,NA,NA,NA,NA,NA,NA,NA,NA,NA,NA
"19","H3FS12",1,0,0,0,0,0,0,0,0,0,0,0,0,0,0,0,0,0,1,0,0,0,0,0,0,0,0,0,0,0,0,0,0,0,0,0,1,0,0,1,0,0,0,0,0,0,0,0,0,0,0,0.291453404455159,0.00971511348183864,0.00149997896982477,3,39.90181,-121.35343,2015-07-20,2015-07-23,48.256,3.65853658536585,0.40650406504065,2.84552845528455,6.30081300813008,26.0162601626016,0.609756097560976,0.813008130081301,2015-07-20,2015-07-21,2015-07-21,2015-07-22,2015-07-22,2015-07-23,0,0,11.7931118011475,704.184753417969,0.529189109802246,0.658936500549316,0.851052165031433,0,7.17220258712769,201.052094907407,202.052094907407,203.052094907407,88,76,64,24,28,22,82.9090909090909,68.6363636363636,55,21.6363636363636,22.2727272727273,16.9090909090909,78,48,43,20,19,14,3.41919714127587,8.35790317331718,6.91375440697744,1.5015143870591,2.96954235837474,2.58667916273145
"20","H3FS7",0,1,0,1,1,0,0,0,0,0,0,0,0,0,0,1,0,0,0,0,0,0,0,0,0,0,0,0,0,0,0,0,0,0,0,0,0,0,0,0,0,0,0,0,1,0,0,0,0,0,0,37.914083174381,0.37914083174381,0.475676353435145,10,39.826443,-121.40697,2015-06-30,2015-07-03,61.776,8.73983739837398,7.72357723577236,0.40650406504065,2.23577235772358,0,8.53658536585366,13.0081300813008,2015-06-30,2015-07-01,2015-07-01,2015-07-02,2015-07-02,2015-07-03,0,0,14.8189163208008,648.516967773438,2.20794820785522,2.31697750091553,2.62384486198425,0,7.84238195419312,181.031261574074,182.031261574074,183.031261574074,67,73,95,29,27,29,58.4545454545455,61.0909090909091,73.7272727272727,23,22.0909090909091,23.6363636363636,49,54,43,20,19,22,6.3775173282969,6.17178329908861,16.0068167296993,2.79284800875379,2.46797672009059,2.24823162831267
"21","H3FS8",0,0,0,1,1,1,0,0,0,0,0,0,1,1,1,0,0,0,0,0,0,1,1,0,0,0,0,0,0,0,0,1,0,0,0,0,0,1,1,1,0,0,0,0,0,0,0,0,0,0,0,63.6271236901072,0.227239727464669,0.270915201500532,28,39.7197,-121.2009,2015-06-16,2015-06-19,79.456,8.94308943089431,0,0.203252032520325,1.21951219512195,0,9.75609756097561,20.5284552845528,2015-06-16,2015-06-17,2015-06-17,2015-06-18,2015-06-18,2015-06-19,0,0,14.3622369766235,1234.94921875,2.3318498134613,2,2.3318498134613,0,6.28448915481567,167.038206018519,168.038206018519,169.038206018519,36,47,42,21,22,19,31.3636363636364,41,32.7272727272727,18.8181818181818,18.6363636363636,16.0909090909091,28,38,26,17,17,15,2.69342634102837,2.40831891575846,5.40538452084418,1.07871977994119,1.43336856898198,1.300349603341
"22","H3NFS1",0,0,0,1,1,1,0,0,0,0,0,0,0,0,0,0,0,0,0,0,0,0,0,1,0,0,0,0,0,0,0,0,1,0,0,0,0,0,0,1,0,1,0,0,0,0,0,0,0,0,0,41.4794216990687,0.414794216990687,0.511392130681829,10,40.05494,-121.06383,2015-06-29,2015-07-02,78,4.8780487804878,0.203252032520325,0.40650406504065,2.23577235772358,6.70731707317073,13.0081300813008,13.2113821138211,2015-06-29,2015-06-30,2015-06-30,2015-07-01,2015-07-01,2015-07-02,0,6.65501070022583,11.1620779037476,1377.43469238281,0,0,0,7.34749412536621,0,180.027789351852,181.027789351852,182.027789351852,64,73,74,22,24,23,56.7272727272727,61,64.2727272727273,16.6363636363636,18.4545454545455,17.9090909090909,45,48,54,15,15,15,6.78367023212227,8.03741251896405,6.48214330435403,2.41961679911209,3.01209682326569,2.58667916273145
"23","H3NFS10",0,0,0,1,1,0,0,0,0,0,0,0,0,0,0,0,0,0,0,0,0,0,0,0,0,0,0,0,0,0,0,0,0,0,0,0,0,1,1,0,1,1,0,0,0,0,0,0,0,0,0,35.3914471054015,0.186270774238955,0.130913003193647,19,40.00171,-120.95788,2015-07-28,2015-07-31,55.952,4.67479674796748,2.4390243902439,1.01626016260163,3.04878048780488,4.0650406504065,3.2520325203252,18.0894308943089,2015-07-28,2015-07-29,2015-07-29,2015-07-30,2015-07-30,2015-07-31,0,0,14.6951627731323,1025.55432128906,0,0,0,9.37913703918457,0,209.025011574074,210.025011574074,211.025011574074,65,65,69,26,26,27,46.3636363636364,45.7272727272727,51.7272727272727,14.0909090909091,16.1818181818182,17.8181818181818,21,21,29,8,10,12,15.028457853504,14.1427784334685,13.3722915694425,5.75246982529323,5.09545251804355,5.05604948192127
"24","H3NFS3",0,0,0,0,1,1,0,0,0,0,0,0,0,0,0,0,0,0,0,0,0,0,0,1,0,0,0,0,0,0,0,1,0,0,0,0,1,0,0,0,0,0,0,0,0,0,0,0,0,0,0,15.1981848820326,0.151981848820326,0.191783368933058,10,39.70433,-120.53036,2015-07-22,2015-07-25,53.456,5.48780487804878,3.65853658536585,1.42276422764228,3.65853658536585,3.45528455284553,6.91056910569106,16.0569105691057,2015-07-22,2015-07-23,2015-07-23,2015-07-24,2015-07-24,2015-07-25,0,0,18,1450.20715332031,0,0,0,9.26277160644531,0,203.020844907407,204.020844907407,205.020844907407,95,93,89,16,15,17,80.8181818181818,76.6363636363636,69.8181818181818,8.45454545454546,8.09090909090909,8.45454545454546,46,47,38,5,4,4,16.1791111116661,14.1581971117281,16.9694913407455,3.61562266735998,3.23896728771828,4.36723336595691
"25","H3NFS4",0,0,0,0,0,0,0,0,0,0,0,0,0,0,0,0,0,0,0,0,0,0,0,0,0,0,0,0,0,0,0,0,0,0,0,0,0,0,0,0,0,0,0,0,0,0,0,0,0,0,0,49.3962823100047,0.129990216605276,0.16648269091623,38,39.98629,-121.01048,2015-07-15,2015-07-18,89.648,4.0650406504065,0.203252032520325,0,3.04878048780488,0,11.5853658536585,21.7479674796748,2015-07-15,2015-07-16,2015-07-16,2015-07-17,2015-07-17,2015-07-18,0,0,18,1314.8935546875,0,0,0,8.85125160217285,0,196.050706018519,197.050706018519,198.050706018519,80,85,71,22,24,23,65.3636363636364,69.4545454545455,62.1818181818182,15.5454545454545,16.9090909090909,16.1818181818182,48,50,45,12,13,14,10.4906885119398,11.7504351950354,7.90971784349078,3.41653732201586,3.72705099118715,2.9603439603594
"26","H3NFS9",0,0,0,1,0,0,0,0,0,0,0,0,0,0,0,0,0,0,0,0,0,0,0,0,0,0,0,0,0,0,0,0,0,0,0,0,0,0,0,0,0,0,0,0,0,0,0,0,0,0,0,22.8885209546816,0.127158449748231,0.11963904103725,18,39.9749,-121.02957,2015-07-15,2015-07-18,81.536,7.31707317073171,0,0,2.64227642276423,2.4390243902439,3.04878048780488,25.2032520325203,2015-07-15,2015-07-16,2015-07-16,2015-07-17,2015-07-17,2015-07-18,0,0,18,1248.59875488281,0,0,0,8.52535629272461,0,196.044456018519,197.044456018519,198.044456018519,91,97,82,20,22,20,72.7272727272727,77.5454545454545,70.3636363636364,14,15.5454545454545,14.4545454545455,56,54,51,10,12,12,11.908743922773,14.4108544948843,9.26577279316439,3.37638860322683,3.41653732201586,2.58316226217543
"27","H4FS1",0,0,1,1,1,1,0,0,0,0,1,0,0,0,0,0,0,0,0,0,0,1,0,1,0,0,0,0,0,0,0,0,0,0,0,1,0,0,0,0,0,0,1,1,0,0,0,0,0,0,0,34.2891643450181,0.126996904981548,0.155130177125982,27,40.11581,-121.0792,2015-07-27,2015-07-30,79.04,1.42276422764228,0,0,1.42276422764228,0,20.7317073170732,17.0731707317073,2015-07-27,2015-07-28,2015-07-28,2015-07-29,2015-07-29,2015-07-30,0,0,5.43299865722656,1242.82189941406,1.1698762178421,1.21750342845917,1.31275761127472,0,7.86184072494507,NA,NA,NA,NA,NA,NA,NA,NA,NA,NA,NA,NA,NA,NA,NA,NA,NA,NA,NA,NA,NA,NA,NA,NA,NA,NA,NA
"28","H4FS11",0,0,0,0,1,1,0,0,0,0,0,0,1,1,1,0,0,0,0,0,0,1,0,0,0,0,0,0,0,0,0,0,0,0,0,0,0,0,0,0,0,0,0,0,0,0,0,0,0,0,0,63.2367729489171,0.316183864744585,0.380010565286906,20,40.131138,-121.151514,2015-06-29,2015-07-02,37.232,1.82926829268293,9.75609756097561,0,3.45528455284553,0,5.48780487804878,20.1219512195122,2015-06-29,2015-06-30,2015-06-30,2015-07-01,2015-07-01,2015-07-02,0,5.78486824035645,7.10853576660156,1351.18139648438,2.26273679733276,2.46268606185913,2.72542262077332,0,6.28226709365845,180.040289351852,181.040289351852,182.040289351852,63,65,67,23,25,23,52.5454545454545,52.1818181818182,55.4545454545455,18.1818181818182,19.5454545454545,19.1818181818182,38,36,41,16,16,17,7.39410084274804,10.0181653192407,8.82455252535375,2.52262489554756,3.14208963473789,2.04049904769308
"29","H4FS8",1,0,0,1,1,1,0,1,0,1,0,0,0,1,1,0,0,0,0,1,0,1,1,1,0,1,0,1,1,1,1,1,1,0,0,0,1,1,1,1,1,1,0,0,0,0,1,0,0,1,0,22.898660444971,0.286233255562138,0.143414947075954,8,40.06634,-121.22009,2015-06-15,2015-06-18,40.768,3.86178861788618,7.72357723577236,0.40650406504065,5.08130081300813,4.67479674796748,7.52032520325203,11.3821138211382,2015-06-15,2015-06-16,2015-06-16,2015-06-17,2015-06-17,2015-06-18,0,6.47742795944214,3,1333.3779296875,3.75567865371704,4.51135778427124,5.89874505996704,0,7.59814500808716,166.06181712963,167.06181712963,168.06181712963,25,24,26,19,21,21,23.0909090909091,22.8181818181818,24.0909090909091,13.9090909090909,14.8181818181818,14.9090909090909,22,22,23,10,11,11,1.04446593573419,0.981649817214043,1.13618180363404,2.66287609379578,2.85720779146991,2.9480347845487
"30","H4FS9",0,1,0,1,1,1,0,0,0,0,0,0,1,1,1,0,0,0,0,0,0,1,1,1,0,0,0,0,0,0,1,1,0,0,1,0,0,1,0,0,0,0,0,0,0,0,1,0,0,1,0,20.7894186992958,0.0903887769534598,0.0575554557648719,23,40.15781,-121.09054,2015-07-27,2015-07-30,39.52,1.82926829268293,1.01626016260163,0.609756097560976,5.48780487804878,0.609756097560976,16.260162601626,14.8373983739837,2015-07-27,2015-07-28,2015-07-28,2015-07-29,2015-07-29,2015-07-30,0,0,6.68410873413086,1449.78674316406,2.80938220024109,2.98778986930847,3.92951393127441,0,6.81262111663818,208.059733796296,209.059733796296,210.059733796296,47,56,68,20,21,24,39.2727272727273,40.7272727272727,49,14.9090909090909,16.2727272727273,17.9090909090909,26,24,21,12,13,14,5.67610621977618,12.5625706691816,16.5710591091819,2.50816847339031,2.53341307689485,3.44831974893702
"31","H4NFS1",1,0,0,1,1,1,0,0,0,0,0,0,0,0,0,0,0,0,0,1,0,0,0,0,0,0,0,0,0,0,0,0,0,0,0,0,0,0,0,0,0,0,0,0,0,0,0,0,0,0,0,19.7530779687112,0.123456737304445,0.0528719351964953,16,40.0132,-121.01045,2015-06-15,2015-06-18,58.032,5.69105691056911,3.45528455284553,8.53658536585366,1.21951219512195,0,4.0650406504065,17.6829268292683,2015-06-15,2015-06-16,2015-06-16,2015-06-17,2015-06-17,2015-06-18,0,5.78659725189209,6.46434736251831,1325.53857421875,0,0,0,8.99190521240234,0,166.029178240741,167.029178240741,168.029178240741,95,90,87,22,21,22,84,84.4545454545455,74.3636363636364,16.9090909090909,16.7272727272727,17.0909090909091,66,74,60,13,13,14,9.40212741883453,5.55632317929107,8.24951789224955,2.7001683449202,2.53341307689485,2.58667916273145
"32","H4NFS10",0,0,0,1,0,1,0,0,0,0,0,0,0,0,0,0,0,0,0,0,0,0,0,1,0,0,0,0,0,0,0,0,0,0,0,0,0,0,0,0,0,0,0,0,0,0,0,0,0,0,0,7.10551289221998,0.0592126074351665,0.0350109647303039,12,39.78817,-121.34205,2015-06-16,2015-06-19,78.624,11.5853658536585,0.813008130081301,0,0.813008130081301,0,7.92682926829268,19.5121951219512,2015-06-16,2015-06-17,2015-06-17,2015-06-18,2015-06-18,2015-06-19,0,6.05258417129517,6.82503366470337,1209.38452148438,0,0,0,7.6601390838623,0,167.029178240741,168.029178240741,169.029178240741,51,57,52,18,19,18,42,51.8181818181818,44.8181818181818,16.0909090909091,16.2727272727273,14.4545454545455,37,48,39,15,15,13,4.49444101084885,2.35873617932069,4.30855385989735,0.831209414593633,1.34839972492648,1.50755672288882
"33","H4NFS4",0,0,0,1,1,1,0,0,0,1,0,0,1,0,0,0,0,0,0,1,0,1,1,1,0,0,0,0,0,0,0,0,0,0,0,0,1,0,0,0,0,1,0,0,0,0,0,0,0,0,0,67.0850825778951,0.335425412889476,0.298005719349754,20,39.75164,-121.14058,2015-06-30,2015-07-03,72.592,13.4146341463415,1.42276422764228,0,0.813008130081301,1.42276422764228,11.5853658536585,11.9918699186992,2015-06-30,2015-07-01,2015-07-01,2015-07-02,2015-07-02,2015-07-03,0,0,3,1532.29235839844,0,0,0,7.2661919593811,0,181.058344907407,182.058344907407,183.058344907407,73,78,100,20,18,20,66.9090909090909,68.5454545454545,98.3636363636364,16.9090909090909,16.2727272727273,16.3636363636364,60,64,82,16,16,15,3.56243022260213,4.34427522985449,5.42720420239975,1.22102788293679,0.646669790682863,1.36181696807811
"34","H4NFS5",0,0,0,0,1,0,0,0,0,0,0,0,0,0,0,0,0,0,0,0,0,0,0,0,0,0,0,0,0,0,0,0,0,0,0,0,0,0,0,0,0,0,0,0,0,0,0,0,0,0,0,89.4326684015184,0.406512129097811,0.270116134945491,22,39.78447,-121.38789,2015-06-17,2015-06-20,81.952,4.67479674796748,0,0,0.203252032520325,0,24.390243902439,11.3821138211382,2015-06-17,2015-06-18,2015-06-18,2015-06-19,2015-06-19,2015-06-20,0,0,3,1285.96447753906,0,0,0,7.75645065307617,0,168.032650462963,169.032650462963,170.032650462963,59,48,53,20,18,18,51.3636363636364,42.5454545454545,48.1818181818182,17.6363636363636,15.7272727272727,16.4545454545455,48,38,43,16,14,15,3.0090771765685,2.87623491264661,2.67649703224875,1.2862913567872,1.42062726222673,1.03572548135463
"35","H4NFS9",0,0,0,1,1,0,1,0,1,1,0,0,0,0,0,0,0,0,0,0,0,1,0,0,0,0,0,0,0,0,0,0,1,0,0,0,0,0,0,0,1,1,1,0,0,0,0,0,0,0,0,16.3233384369341,0.181370427077046,0.138587550075452,9,39.87967,-120.70183,2015-06-22,2015-06-25,40.768,5.08130081300813,0.813008130081301,0.203252032520325,8.33333333333333,0.203252032520325,13.2113821138211,12.8048780487805,2015-06-22,2015-06-23,2015-06-23,2015-06-24,2015-06-24,2015-06-25,0,5.78854084014893,4.09285879135132,1414.52416992188,0,0,0,8.22799777984619,0,173.038900462963,174.038900462963,175.038900462963,62,83,85,16,20,22,44.5454545454545,68,71.2727272727273,8.36363636363636,12.0909090909091,14.9090909090909,21,41,45,4,8,11,12.917922715078,15,14.1921873514332,3.93122696553448,3.9611752158809,3.70012284808344
"36","H5FS10",0,0,0,1,0,0,1,0,0,0,0,0,0,0,0,0,0,0,0,0,0,0,1,1,0,1,0,0,1,1,1,1,1,0,0,0,0,1,1,0,1,0,0,0,0,0,0,0,0,0,0,1.91204397480945,0.0637347991603151,0.0467849595389931,3,40.2607,-120.73995,2015-07-21,2015-07-24,0,4.26829268292683,4.8780487804878,16.4634146341463,8.94308943089431,1.21951219512195,4.8780487804878,0,2015-07-21,2015-07-22,2015-07-22,2015-07-23,2015-07-23,2015-07-24,0,5.78296327590942,3,1615.13330078125,4,5,7,0,8.12996578216553,202.045844907407,203.045844907407,204.045844907407,100,99,91,13,12,12,98.5454545454545,84.7272727272727,76.8181818181818,10.9090909090909,7,6.18181818181818,84,60,40,9,4,3,4.82418151324422,11.9003437689078,15.8922508274831,1.13618180363404,2.48997991959775,2.89199522192488
"37","H5FS12",0,0,0,0,0,0,0,0,0,0,0,0,0,0,0,0,0,0,0,0,0,0,1,0,0,0,0,0,1,1,0,0,0,0,0,0,0,1,0,0,0,0,0,0,0,0,0,0,0,0,0,0,0,0,1,40.13114,-120.43128,2015-07-13,2015-07-16,6.864,5.69105691056911,3.04878048780488,11.5853658536585,10.1626016260163,0.203252032520325,5.48780487804878,4.47154471544715,2015-07-13,2015-07-14,2015-07-14,2015-07-15,2015-07-15,2015-07-16,0,0,7.96743297576904,1867.58959960938,4,5,7,0,7.5792088508606,194.05556712963,195.05556712963,196.05556712963,100,100,97,11,10,13,85.9090909090909,93.7272727272727,66.7272727272727,6.27272727272727,6.90909090909091,11.2727272727273,61,69,60,3,5,10,15.4237125586192,9.91050865587543,10.3062205399546,2.72363393615622,1.86839746598766,1.1037127426019
"38","H5FS3",0,0,0,1,0,0,0,0,0,1,0,0,1,0,0,0,0,0,0,0,0,1,0,0,0,0,0,1,0,0,1,0,0,0,0,0,1,0,0,1,0,0,1,0,0,0,0,0,1,0,0,73.4816950878326,0.408231639376848,0.622890824188431,18,39.81104,-120.79711,2015-07-07,2015-07-10,24.96,23.3739837398374,0.40650406504065,0,5.28455284552846,1.42276422764228,8.73983739837398,1.42276422764228,2015-07-07,2015-07-08,2015-07-08,2015-07-09,2015-07-09,2015-07-10,0,6.48115348815918,6.33129787445068,1826.54248046875,2.91815876960754,2.78859281539917,3.70675134658813,0,6.74455499649048,188.046539351852,189.046539351852,190.046539351852,100,100,100,12,9,10,90.3636363636364,100,100,10,7.27272727272727,6.54545454545455,79,100,100,8,5,4,7.74948678652628,0,0,1.26491106406735,1.42062726222673,1.9679246105294
"39","H5FS4",0,0,0,0,0,0,1,1,0,1,0,1,0,0,0,0,0,0,0,0,0,1,1,1,0,0,0,0,0,0,1,0,0,0,0,0,1,1,0,0,0,0,0,0,0,0,0,0,1,0,0,22.5240490829754,0.321772129756791,0.345968843243348,7,40.23024,-120.62558,2015-06-23,2015-06-26,40.144,4.26829268292683,7.31707317073171,3.2520325203252,5.08130081300813,5.69105691056911,6.91056910569106,8.13008130081301,2015-06-23,2015-06-24,2015-06-24,2015-06-25,2015-06-25,2015-06-26,0,0,3,1923.55249023438,3.35034537315369,4.21309566497803,5.56344127655029,0,6.4750189781189,174.026400462963,175.026400462963,176.026400462963,56,54,70,19,21,22,49.9090909090909,48.8181818181818,52.4545454545455,13.3636363636364,15.4545454545455,16.9090909090909,37,40,34,11,13,14,5.87289614167568,3.84234776713878,11.9110338456713,2.41961679911209,2.423371055519,2.62505411199638
"40","H5FS7",0,0,0,1,0,0,1,1,0,0,0,1,0,0,1,0,0,0,1,0,0,0,1,1,0,1,1,0,0,1,1,0,1,0,0,0,1,0,1,0,0,1,0,0,0,0,0,0,0,1,1,7.99852631196615,0.199963157799154,0.123650156104101,4,40.03206,-120.36269,2015-07-13,2015-07-16,23.712,23.780487804878,0.813008130081301,0.203252032520325,0.203252032520325,5.69105691056911,2.4390243902439,7.52032520325203,2015-07-13,2015-07-14,2015-07-14,2015-07-15,2015-07-15,2015-07-16,0,5.7863187789917,3,2019.46569824219,0.404315084218979,0.673858106136322,0.808629751205444,0,6.05258417129517,194.028483796296,195.028483796296,196.028483796296,100,100,100,10,11,13,96.9090909090909,96.5454545454545,96.3636363636364,6.09090909090909,6.63636363636364,9.36363636363636,81,77,84,4,5,7,6.22020169214062,7.71185627930962,5.48220260976785,2.11917651244749,1.85864075456917,1.91168654714769
"41","H5NFS10",0,0,0,0,0,0,0,0,0,0,0,0,0,0,0,0,0,0,0,0,0,0,0,0,0,0,0,0,0,0,0,0,0,0,0,0,0,0,1,0,0,0,0,0,0,0,0,0,0,0,0,17.5065093541659,0.145887577951382,0.0933398618389885,12,39.85697,-121.06018,2015-07-14,2015-07-17,79.872,14.4308943089431,0,0,2.4390243902439,0,12.3983739837398,11.3821138211382,2015-07-14,2015-07-15,2015-07-15,2015-07-16,2015-07-16,2015-07-17,0,0,7,1632.55322265625,0,0,0,6.48048830032349,0,195.041678240741,196.041678240741,197.041678240741,77,65,75,15,18,19,69.4545454545455,58.4545454545455,68.4545454545455,12.6363636363636,15.2727272727273,15.7272727272727,60,53,59,11,14,15,5.20314590154142,3.88236104358253,5.00726744569603,1.20604537831105,1.00904995821903,1.27207775634268
"42","H5NFS11",0,0,0,0,0,0,0,0,0,0,0,0,0,0,0,0,0,0,0,0,0,1,0,0,0,0,0,0,0,0,0,0,0,0,0,0,0,0,0,0,0,0,0,0,0,0,0,0,0,0,0,32.7898942289638,0.409873677862047,0.402039394398725,8,39.82287,-120.65253,2015-07-07,2015-07-10,68.848,8.33333333333333,1.01626016260163,0.203252032520325,3.45528455284553,2.03252032520325,12.8048780487805,12.8048780487805,2015-07-07,2015-07-08,2015-07-08,2015-07-09,2015-07-09,2015-07-10,0,5.78937101364136,6.68668603897095,1564.34790039062,0,0,0,6.05258417129517,0,NA,NA,NA,NA,NA,NA,NA,NA,NA,NA,NA,NA,NA,NA,NA,NA,NA,NA,NA,NA,NA,NA,NA,NA,NA,NA,NA
"43","H5NFS2",0,0,0,0,1,0,0,0,0,0,0,0,0,0,0,0,0,0,0,0,0,0,1,0,0,0,0,0,0,0,0,0,0,0,0,0,1,0,1,0,0,1,0,0,0,0,0,0,0,0,0,27.1753086474616,0.169845679046635,0.0986463694361429,16,39.92159,-120.62604,2015-06-08,2015-06-11,69.472,15.0406504065041,1.42276422764228,0,0.203252032520325,0,6.30081300813008,17.6829268292683,2015-06-08,2015-06-09,2015-06-09,2015-06-10,2015-06-10,2015-06-11,0,0,4.76920032501221,1890.58557128906,0,0,0,8.82296562194824,0,159.020844907407,160.020844907407,161.020844907407,74,91,100,22,18,14,64.3636363636364,81.5454545454545,99.2727272727273,14.9090909090909,13.1818181818182,10.1818181818182,42,57,94,12,11,7,9.82112750424031,10.5296119241275,1.84883255547435,3.2696955654784,2.27236360726807,2.13626692237566
"44","H5NFS6",0,0,0,0,0,0,0,0,0,1,0,1,1,1,1,0,0,0,0,1,1,1,1,1,1,1,1,0,0,0,1,1,1,0,0,0,0,1,1,1,1,1,0,0,0,0,1,0,0,0,0,0.748744429784178,0.0748744429784178,0,1,39.7752,-120.43809,2015-06-10,2015-06-13,25.376,36.7886178861789,0.40650406504065,0,2.23577235772358,0,1.01626016260163,0.203252032520325,2015-06-10,2015-06-11,2015-06-11,2015-06-12,2015-06-12,2015-06-13,0,0,4.70546436309814,1927.23657226562,0,0,0,7.26607656478882,0,161.034039351852,162.034039351852,163.034039351852,100,59,53,12,25,28,100,46.3636363636364,46.0909090909091,9.45454545454546,13.0909090909091,16.2727272727273,100,24,23,7,9,13,0,9.95261500584371,8.15419579669934,1.6348477827392,4.45992254315129,4.31487911976475
"45","IB10",0,0,0,1,1,1,0,0,0,0,0,0,1,1,1,0,0,0,0,0,0,1,1,0,0,0,0,0,0,0,0,1,0,0,0,0,0,1,1,1,0,0,0,0,0,0,0,0,0,0,0,1.04634670318625,0.104634670318625,0,1,40.22754,-120.82094,2015-06-12,2015-06-15,12.896,9.95934959349593,0.609756097560976,16.0569105691057,4.26829268292683,0.203252032520325,3.2520325203252,6.09756097560976,2015-06-12,2015-06-13,2015-06-13,2015-06-14,2015-06-14,2015-06-15,0,0,14.2247467041016,1682.55932617188,3.42075634002686,3.84151244163513,5.30799674987793,0,7.96467590332031,163.058333333333,164.058333333333,165.058333333333,100,100,100,17,14,14,97.1818181818182,96.4545454545455,93.8181818181818,4.63636363636364,3.72727272727273,1.54545454545455,72,67,53,0,0,-3,8.40021644742779,9.93341468341714,14.5658379904363,4.98543332665732,4.22115882408869,5.04705134437201
"46","IB15",1,1,0,0,1,0,0,0,0,0,0,0,0,1,1,0,0,0,0,1,0,1,0,1,0,0,1,0,0,1,1,1,1,0,0,0,1,1,1,1,1,1,1,1,0,0,0,0,0,0,0,41.9319445588734,0.419319445588734,0.497769673817006,10,40.23626,-120.75668,2015-07-01,2015-07-04,48.672,8.94308943089431,5.48780487804878,2.23577235772358,5.69105691056911,3.86178861788618,6.70731707317073,8.33333333333333,2015-07-01,2015-07-02,2015-07-02,2015-07-03,2015-07-03,2015-07-04,0,0,3.80653262138367,1386.44360351562,3.51789951324463,4.27684926986694,5.79474878311157,0,8.67381572723389,182.023622685185,183.023622685185,184.023622685185,94,100,100,21,23,20,85.6363636363636,98.9090909090909,95.3636363636364,14.5454545454545,18.0909090909091,13.2727272727273,61,88,79,12,17,10,9.80074208693125,3.61813613493316,6.69735361576089,2.80583806958407,1.81408629643385,3.16515115250154
"47","IB26",0,NA,NA,1,NA,NA,0,NA,NA,0,NA,NA,0,NA,NA,0,NA,NA,0,NA,NA,0,NA,NA,0,NA,NA,0,NA,NA,1,NA,NA,0,NA,NA,1,NA,NA,1,NA,NA,0,NA,NA,0,NA,NA,0,NA,NA,11.8321332873254,0.295803332183136,0.192836508876656,4,40.23687,-120.6538,2015-07-08,2015-07-11,1.664,4.0650406504065,5.89430894308943,11.1788617886179,2.03252032520325,11.1788617886179,4.8780487804878,1.42276422764228,2015-07-08,2015-07-09,2015-07-09,2015-07-10,2015-07-10,2015-07-11,0,0,12.1424198150635,1710.01013183594,4,5,7,0,7.98829078674316,189.056261574074,190.056261574074,191.056261574074,100,100,100,12,11,12,100,100,99.5454545454545,8.72727272727273,9.45454545454546,8.27272727272727,100,100,95,6,8,5,0,0,1.50755672288882,1.73729151790418,1.36847625946791,2.45319828350295
"48","IB27",0,0,0,1,0,1,0,0,0,0,0,0,1,0,1,0,0,0,0,0,0,0,0,0,0,0,0,0,0,0,0,1,1,0,0,0,1,1,1,0,0,1,0,0,0,0,0,0,0,0,0,31.8530006138286,0.35392222904254,0.340322821186291,9,40.22155,-120.76513,2015-07-08,2015-07-11,47.424,1.6260162601626,1.21951219512195,0.40650406504065,6.30081300813008,15.4471544715447,3.45528455284553,10.1626016260163,2015-07-08,2015-07-09,2015-07-09,2015-07-10,2015-07-10,2015-07-11,0,0,6.6967978477478,1417.4111328125,2.33604669570923,2.52494621276855,3.49281239509583,0,8.67392158508301,189.061111111111,190.061111111111,191.061111111111,100,100,100,13,13,14,100,100,99.4545454545455,10.7272727272727,10.1818181818182,10.2727272727273,100,100,94,9,8,7,0,0,1.80906806746658,1.42062726222673,1.83402190925746,2.28433399882369
"49","OB4",0,0,0,1,1,1,0,1,0,0,0,0,1,1,1,0,0,0,1,0,0,1,0,1,0,0,0,0,1,1,1,1,1,1,1,0,1,1,1,1,1,1,0,0,0,0,0,0,0,0,0,2.55175863287831,0.255175863287831,0,1,40.13065,-120.65966,2015-07-01,2015-07-04,79.456,4.26829268292683,5.28455284552846,3.2520325203252,0.203252032520325,5.89430894308943,9.55284552845528,11.1788617886179,2015-07-01,2015-07-02,2015-07-02,2015-07-03,2015-07-03,2015-07-04,0,0,7.86808347702026,1650.04187011719,0.80417275428772,0.402086406946182,0.402086406946182,0,0,182.034039351852,183.034039351852,184.034039351852,99,100,100,17,18,16,93.6363636363636,99.4545454545455,100,12,15.6363636363636,11.2727272727273,83,94,100,10,14,9,5.37164271471451,1.80906806746658,0,2.44948974278318,1.2862913567872,2.4936282437809
"50","H1F101",0,1,1,1,1,1,0,0,0,0,0,0,0,0,0,0,0,0,0,0,0,1,1,0,0,0,0,0,0,0,1,1,0,0,0,0,0,1,1,0,1,1,0,0,0,0,0,0,0,0,0,2.38146074910884,0.0264606749900982,0.0265410743083992,9,40.11019,-121.06628,2016-07-05,2016-07-08,66.56,3.45528455284553,8.73983739837398,1.01626016260163,4.8780487804878,1.6260162601626,10.1626016260163,10.7723577235772,2016-07-05,2016-07-06,2016-07-06,2016-07-07,2016-07-07,2016-07-08,0,0,18,1408.953125,2,1.0007780790329,1.0007780790329,0,7.39212417602539,NA,NA,NA,NA,NA,NA,NA,NA,NA,NA,NA,NA,NA,NA,NA,NA,NA,NA,NA,NA,NA,NA,NA,NA,NA,NA,NA
"51","H1F102",0,0,0,0,1,0,0,0,0,0,1,0,1,1,0,0,0,0,0,0,1,0,0,0,0,0,0,0,0,0,1,0,1,0,0,0,1,1,1,1,0,0,0,0,0,0,0,0,0,0,0,3.50718764466967,0.0438398455583709,0.0377429756246036,8,40.10838,-121.09328,2016-07-05,2016-07-08,35.984,3.86178861788618,16.6666666666667,1.6260162601626,2.23577235772358,1.82926829268293,11.5853658536585,2.84552845528455,2016-07-05,2016-07-06,2016-07-06,2016-07-07,2016-07-07,2016-07-08,5.78520345687866,0,15.3627138137817,1233.5283203125,2.01845002174377,2.02767515182495,2.62994027137756,0,8.0726432800293,187.038194444444,188.038194444444,189.038194444444,100,100,97,19,18,19,84.4545454545455,83.0909090909091,82.8181818181818,10.8181818181818,10.4545454545455,10.8181818181818,49,49,49,7,7,7,15.4878251304929,16.0963010996598,14.763591580765,3.73679493197531,3.64317543809343,3.57262317683189
"52","H1F104",0,0,0,1,1,1,0,0,0,0,1,0,1,0,0,1,1,1,0,0,0,0,0,0,0,0,0,1,1,1,1,1,1,0,0,0,1,1,1,0,0,0,0,0,0,0,0,0,0,0,0,0,0,0,1,39.71114,-121.44183,2016-06-21,2016-06-24,18.512,0,28.2520325203252,10.3658536585366,0.40650406504065,1.42276422764228,0.203252032520325,0,2016-06-21,2016-06-22,2016-06-22,2016-06-23,2016-06-23,2016-06-24,0,6.05258417129517,16.4265747070312,537.955932617188,3.5709433555603,5,6.5709433555603,0,6.74455499649048,NA,NA,NA,NA,NA,NA,NA,NA,NA,NA,NA,NA,NA,NA,NA,NA,NA,NA,NA,NA,NA,NA,NA,NA,NA,NA,NA
"53","H1F105",0,0,0,0,0,0,0,0,0,0,0,0,0,0,0,0,0,0,0,0,0,0,0,0,0,0,0,0,0,0,0,0,0,0,0,0,0,0,0,0,0,0,0,0,0,0,0,0,0,0,0,10.6675448906397,0.0969776808239973,0.0754675966372648,11,40.13113,-121.082917,2016-06-14,2016-07-17,28.08,1.42276422764228,24.5934959349593,1.01626016260163,0.40650406504065,3.45528455284553,9.34959349593496,0.40650406504065,2016-06-14,2016-07-15,2016-06-15,2016-07-16,2016-06-16,2016-07-17,0,0,18,1458.51806640625,2.57246470451355,2.9867696762085,4.19774484634399,0,7.96929168701172,168.155555555556,168.655555555556,169.155555555556,100,100,100,40,37,26,82.1946902654867,86.8426966292135,93.2153846153846,14.6902654867257,15.4494382022472,15.8923076923077,18,20,36,1,1,2,25.4466733747401,22.2296377083738,12.7726420373932,8.47272898988456,8.00001596014751,5.32424606435936
"54","H1F106",0,0,0,1,1,1,0,0,0,0,0,0,1,0,0,0,0,0,0,0,0,1,1,1,0,0,0,0,0,0,1,1,1,0,0,0,1,1,1,0,1,1,1,0,0,0,0,0,0,0,1,14.3798235577173,0.179747794471467,0.130445708719567,8,40.02429,-121.2308,2016-06-07,2016-06-10,62.4,3.45528455284553,1.6260162601626,6.50406504065041,2.4390243902439,6.70731707317073,11.3821138211382,8.53658536585366,2016-06-07,2016-06-08,2016-06-08,2016-06-09,2016-06-09,2016-06-10,5.78643035888672,0,11.0255374908447,1108.03063964844,2.41442632675171,2.26578450202942,2.03880405426025,0,7.22104549407959,159.037511574074,160.037511574074,161.037511574074,77,70,69,23,19,18,63.9090909090909,60.1818181818182,61.6363636363636,17.3636363636364,14.5454545454545,13.8181818181818,42,42,46,13,11,11,11.1485832773007,8.41211247925492,6.72714987602814,3.13919503289386,2.73362895666681,2.04049904769308
"55","H1F107",1,1,1,1,1,1,0,0,0,0,0,0,1,1,1,0,0,0,0,0,1,0,1,0,0,0,0,0,1,0,0,1,1,0,1,0,1,1,1,0,0,0,0,0,0,0,0,0,0,0,0,12.0117617012761,0.150147021265951,0.146721617680377,8,40.13809,-121.09753,2016-06-07,2016-06-10,60.944,0.40650406504065,4.26829268292683,1.42276422764228,1.01626016260163,9.14634146341463,0.609756097560976,4.67479674796748,2016-06-07,2016-06-08,2016-06-08,2016-06-09,2016-06-09,2016-06-10,0,5.78475618362427,15.2566833496094,1375.30419921875,2.74803996086121,2.31335473060608,3.06139469146729,0,8.04742336273193,159.038900462963,160.038900462963,161.038900462963,93,86,85,21,19,18,81.2727272727273,76,74,13.8181818181818,11.8181818181818,11.7272727272727,59,54,45,10,8,9,10.9644052195357,10.0598210719674,12.3369364106329,3.45884899404937,3.45884899404937,2.79610118167813
"56","H1F108",0,1,1,1,1,1,0,0,0,0,0,0,0,0,0,0,0,0,0,0,0,0,1,1,0,0,0,0,0,0,0,0,0,0,0,1,0,0,0,0,0,0,0,0,0,0,0,0,0,0,0,43.68650834794,0.273040677174625,0.103780067414988,16,39.87469,-121.35285,2016-07-19,2016-07-22,80.08,1.01626016260163,19.1056910569106,0,0.609756097560976,0.609756097560976,6.50406504065041,12.8048780487805,2016-07-19,2016-07-20,2016-07-20,2016-07-21,2016-07-21,2016-07-22,0,0,6.78361320495605,1201.17150878906,3,3.61217331886292,4.78488492965698,0,7.50754499435425,201.03125,202.03125,203.03125,57,59,50,18,20,19,52,53.6363636363636,43.8181818181818,13.5454545454545,15.4545454545455,15.3636363636364,47,48,36,12,14,13,3.84707681233427,3.17089032521553,4.28528136341552,1.75291964240443,1.75291964240443,1.68954001270922
"57","H1NF109",0,0,0,0,0,0,0,0,0,0,0,0,0,0,0,0,0,0,0,0,0,0,0,0,0,0,0,0,0,0,0,0,0,0,0,0,0,0,0,0,0,0,0,0,0,0,0,0,0,0,0,18.1127739044556,0.164661580949596,0.240266798955065,11,39.47105,-121.18666,2016-07-19,2016-07-22,97.76,7.52032520325203,7.31707317073171,0,0,0,8.73983739837398,17.0731707317073,2016-07-19,2016-07-20,2016-07-20,2016-07-21,2016-07-21,2016-07-22,0,0,14.2016983032227,896.887634277344,0,0,0,7.96984767913818,0,201.030555555556,202.030555555556,203.030555555556,61,64,58,20,21,22,55.4545454545455,57,50.9090909090909,16.0909090909091,17.2727272727273,17.2727272727273,47,44,41,14,15,15,5.20314590154142,7.02851335632223,5.73505964144307,2.11917651244749,2.00454030096225,2.28433399882369
"58","H1NF111",0,0,0,1,1,1,0,0,0,0,0,0,0,0,0,0,0,0,0,0,0,0,0,0,0,0,0,0,0,0,0,0,0,0,0,0,0,0,0,0,0,0,0,0,0,0,0,0,0,0,0,98.2743746197631,1.22842968274704,0.913797640490991,8,39.46685,-121.17532,2016-06-09,2016-06-12,89.232,1.42276422764228,5.48780487804878,0,1.42276422764228,1.6260162601626,11.7886178861789,17.2764227642276,2016-06-09,2016-06-10,2016-06-10,2016-06-11,2016-06-11,2016-06-12,0,0,12.5830459594727,807.727722167969,0,0,0,7.58161067962646,0,161.026400462963,162.026400462963,163.026400462963,85,86,77,19,17,19,78.3636363636364,82.8181818181818,71.6363636363636,13.3636363636364,11.7272727272727,14.0909090909091,67,75,65,10,9,12,6.2812853345908,3.94507748512451,4.00681238075174,2.73030134866931,2.64918512342604,2.30019761996857
"59","H1NF112",0,0,0,1,0,1,0,0,0,0,0,0,0,0,0,0,0,0,0,0,0,0,0,0,0,0,0,0,0,0,0,0,0,0,0,0,0,0,0,0,0,0,0,0,0,0,0,0,0,0,0,33.72535056546,0.240895361181857,0.339008097879147,14,39.49721,-121.22404,2016-06-09,2016-06-12,75.296,6.70731707317073,8.94308943089431,0,3.65853658536585,0,1.42276422764228,13.8211382113821,2016-06-09,2016-06-10,2016-06-10,2016-06-11,2016-06-11,2016-06-12,0,0,15.7806854248047,860.724792480469,0,0,0,8.89644145965576,0,161.022928240741,162.022928240741,163.022928240741,69,77,66,18,17,19,65.7272727272727,72.6363636363636,55,15.3636363636364,13.6363636363636,16.5454545454545,62,67,39,14,11,15,2.37027041035022,3.5290998079603,6.82641926635041,1.2862913567872,1.91168654714769,1.21355975243384
"60","H1NF113",0,0,0,1,1,0,0,0,0,0,0,0,0,0,0,0,0,0,0,0,0,0,0,0,0,0,0,0,0,0,0,0,0,0,0,0,0,0,0,1,1,0,0,0,0,0,0,0,0,0,0,3.95919999566817,0.197959999783409,0.155307082067366,2,39.52461,-121.27536,2016-06-25,2016-06-28,59.696,3.65853658536585,17.2764227642276,1.42276422764228,0,0.813008130081301,6.30081300813008,11.1788617886179,2016-06-25,2016-06-26,2016-06-26,2016-06-27,2016-06-27,2016-06-28,0,0,16.731388092041,846.963195800781,0,0,0,9.24111175537109,0,177.051400462963,178.051400462963,179.051400462963,74,67,71,22,23,23,67.7272727272727,61.1818181818182,60.8181818181818,16,17.6363636363636,17.6363636363636,56,52,48,14,16,16,6.8715487204983,5.17335832546291,7.50757193529548,2.5298221281347,2.20330330516374,2.24823162831267
"61","H1NF114",0,0,0,0,0,0,0,0,0,0,0,0,0,0,0,0,0,0,0,0,0,1,0,1,0,0,0,0,0,0,0,0,0,0,0,0,0,0,0,0,0,0,0,0,0,0,0,0,0,0,0,59.2372584655217,0.592372584655217,0.44551378199088,10,39.53022,-121.28769,2016-07-19,2016-07-22,91.312,5.48780487804878,9.34959349593496,0,0,0,12.3983739837398,14.4308943089431,2016-07-19,2016-07-20,2016-07-20,2016-07-21,2016-07-21,2016-07-22,0,0,17.2071495056152,934.652893066406,0,0,0,9.18638801574707,0,201.038194444444,202.038194444444,203.038194444444,47,50,41,20,22,22,42.3636363636364,43.1818181818182,36.5454545454545,17.6363636363636,19.6363636363636,19.3636363636364,35,35,31,16,18,18,4.34218210748299,4.83359455929398,2.84125452445346,1.12006493318265,1.20604537831105,1.20604537831105
"62","H1NF115",0,0,0,1,1,1,0,0,0,0,0,0,0,0,0,0,0,0,0,0,0,0,0,1,0,0,0,0,0,0,0,0,0,0,0,0,0,0,0,0,1,1,0,1,0,0,0,0,0,0,0,84.8442623752076,0.326324086058491,0.298107426763802,26,39.9636,-121.06546,2016-08-09,2016-08-12,96.512,2.4390243902439,4.67479674796748,0.40650406504065,0.813008130081301,0,20.9349593495935,11.3821138211382,2016-08-09,2016-08-10,2016-08-10,2016-08-11,2016-08-11,2016-08-12,0,0,18,1271.03088378906,0,0,0,7.57652139663696,0,222.038194444444,223.038194444444,224.038194444444,73,79,77,21,21,24,58.4545454545455,64.5454545454545,60,14.8181818181818,15.3636363636364,17.3636363636364,44,47,42,11,11,13,10.7365137392325,10.6523578269192,11.4192819388962,3.34120283186106,3.13919503289386,3.41387543043759
"63","H1NF116",0,0,0,1,1,1,0,0,0,0,0,0,0,0,1,0,0,0,0,0,0,1,1,1,0,0,0,0,0,0,1,1,1,0,0,0,1,1,0,1,1,1,0,0,0,0,0,0,0,0,0,37.3267781357557,0.287129062582736,0.372065170484056,13,40.0146,-121.04017,2016-07-12,2016-07-15,80.08,2.64227642276423,1.42276422764228,1.01626016260163,1.82926829268293,2.23577235772358,10.5691056910569,20.9349593495935,2016-07-12,2016-07-13,2016-07-13,2016-07-14,2016-07-14,2016-07-15,0,6.05258417129517,18,1098.0009765625,0,0,0,8.71304607391357,0,194.023611111111,195.023611111111,196.023611111111,71,70,60,22,25,26,55.8181818181818,54.7272727272727,48.6363636363636,15.8181818181818,18.4545454545455,18.5454545454545,36,37,31,11,13,13,11.3121013239644,10.5744116535239,9.35171350366046,3.70993751478867,3.98405914523458,4.15604707296817
"64","H1NF118",1,0,0,0,0,0,0,0,0,0,0,0,0,0,0,0,0,0,0,0,0,0,0,0,0,0,0,0,0,0,0,0,0,0,0,0,1,1,1,0,0,1,0,0,0,0,0,0,0,0,0,18.9991899796292,0.189991899796292,0.167465469422816,10,40.01973,-121.02625,2016-07-25,2016-07-28,63.648,1.82926829268293,0.609756097560976,0,0,11.1788617886179,7.11382113821138,19.9186991869919,2016-07-25,2016-07-26,2016-07-26,2016-07-27,2016-07-27,2016-07-28,0,0,15.1412773132324,1022.29504394531,0,0,0,8.78203964233398,0,207.055555555556,208.055555555556,209.055555555556,54,54,54,29,31,30,41.2727272727273,40,39.6363636363636,18.0909090909091,19.5454545454545,19.4545454545455,22,20,18,12,13,14,9.26381032935054,9.75704873412037,12.0189244716216,5.10792610468369,5.48386061755104,4.96716491297876
"65","H2F119",0,0,0,0,1,0,0,0,0,0,0,0,0,0,0,0,0,0,0,0,0,1,1,0,0,0,0,1,0,0,0,0,0,0,0,0,1,1,1,0,0,0,1,1,0,0,0,0,0,0,0,121.215179530182,0.505063248042425,0.442590117447814,24,39.85295,-121.0578,2016-08-09,2016-08-12,81.536,0.609756097560976,7.92682926829268,0,1.21951219512195,0,26.4227642276423,4.47154471544715,2016-08-09,2016-08-10,2016-08-10,2016-08-11,2016-08-11,2016-08-12,0,5.78892850875854,6.74495506286621,1655.6962890625,0,0,0,6.9717493057251,0,222.051388888889,223.051388888889,224.051388888889,74,76,75,18,17,20,64.6363636363636,70.2727272727273,67.8181818181818,12,13.0909090909091,14.5454545454545,47,57,54,10,12,12,8.59386673474435,6.43569590783948,6.22604500173556,2.60768096208106,1.81408629643385,2.50454132981017
"66","H2F120",0,0,0,1,1,1,0,0,0,0,0,0,1,1,1,0,0,0,0,0,0,1,1,1,0,0,0,1,1,1,1,1,1,0,0,0,1,1,1,0,0,0,0,0,0,0,0,0,0,0,0,43.3647856982675,0.228235714201408,0.140400085844202,19,40.28741,-120.70955,2016-07-11,2016-07-14,22.256,17.6829268292683,2.03252032520325,0.40650406504065,2.64227642276423,1.6260162601626,11.3821138211382,4.8780487804878,2016-07-11,2016-07-12,2016-07-12,2016-07-13,2016-07-13,2016-07-14,0,6.28139877319336,3,2041.86828613281,2.99417948722839,3.48987150192261,4.48405075073242,0,6.74455499649048,193.03125,194.03125,195.03125,96,100,76,14,14,17,85.3636363636364,84.1818181818182,66.9090909090909,5.18181818181818,5.90909090909091,8.90909090909091,50,52,43,2,3,6,14.5139431394279,13.5264051530196,9.13733599529475,3.76346068979555,3.17661912902839,3.2696955654784
"67","H2F121",0,0,0,0,0,1,0,0,0,0,0,0,1,0,1,0,0,0,0,0,0,0,1,1,0,0,0,0,1,1,1,1,1,0,0,0,1,1,0,0,0,0,0,0,0,0,0,0,0,0,0,2.30519073346131,0.115259536673066,0.0569488735013139,2,40.26832,-120.80474,2016-07-26,2016-07-29,0.832,4.8780487804878,14.4308943089431,4.26829268292683,5.69105691056911,2.23577235772358,9.14634146341463,0,2016-07-26,2016-07-27,2016-07-27,2016-07-28,2016-07-28,2016-07-29,0,0,6.2551155090332,1961.494140625,3.53135585784912,3.6880042552948,5.59406709671021,0,7.34529447555542,208.052083333333,209.052083333333,210.052083333333,77,52,58,20,19,21,63.7272727272727,44,51.2727272727273,12.8181818181818,13.6363636363636,15.2727272727273,39,25,41,10,12,13,11.3145120008855,8.08702664766229,5.17862740677313,3.06000594176488,2.24823162831267,2.32769882462956
"68","H2F123",0,0,0,0,0,0,0,0,0,0,0,0,0,0,0,0,0,0,0,0,0,0,0,0,0,0,0,0,0,0,0,0,0,0,0,0,0,0,0,0,0,0,0,0,0,0,0,0,0,0,0,3.70733851262988,0.185366925631494,0.239435291942863,2,40.21875,-120.88623,2016-06-13,2016-06-16,0.624,1.21951219512195,0.203252032520325,21.7479674796748,6.91056910569106,2.4390243902439,6.30081300813008,0,2016-06-13,2016-06-14,2016-06-14,2016-06-15,2016-06-15,2016-06-16,NA,NA,NA,NA,0,0,0,NA,NA,165.028472222222,166.028472222222,167.028472222222,92,100,88,16,11,6,70.6363636363636,88.4545454545455,77.2727272727273,7.63636363636364,3.09090909090909,2.09090909090909,40,53,48,3,0,0,16.4333364066627,16.6455017128571,11.5766222110848,4.24906406806787,4.01134754052913,1.57826141399614
"69","H2F124",0,0,0,1,1,0,0,0,0,0,0,0,0,0,0,0,0,0,0,0,0,0,0,0,0,0,0,0,0,0,1,0,0,0,0,0,0,0,0,0,1,1,1,0,0,0,0,0,0,1,0,28.8861904675213,0.262601731522921,0.364552686868466,11,40.23041,-120.71719,2016-06-13,2016-06-16,4.992,18.4959349593496,2.64227642276423,5.69105691056911,2.4390243902439,3.04878048780488,8.33333333333333,0,2016-06-13,2016-06-14,2016-06-14,2016-06-15,2016-06-15,2016-06-16,0,0,3,1635.55517578125,4,5,7,0,8.82749366760254,165.057638888889,166.057638888889,167.057638888889,100,100,100,12,9,3,92.5454545454545,94.3636363636364,88.2727272727273,3.54545454545455,1.63636363636364,1.81818181818182,60,66,66,0,-1,0,13.2088124853344,11.6642421723207,11.4463173911168,3.67052138976567,3.35477949417625,1.07871977994119
"70","H2F126",0,0,0,0,0,1,0,0,0,0,0,0,0,0,0,0,0,0,0,0,0,0,1,0,0,0,0,0,0,0,1,1,1,0,0,0,1,0,1,0,1,0,0,0,0,0,0,0,0,0,0,0.68957958746296,0.0114929931243827,0.0121143567407892,6,40.2227,-120.84178,2016-07-18,2016-07-21,7.488,8.33333333333333,7.52032520325203,0.40650406504065,16.260162601626,1.01626016260163,7.11382113821138,0,2016-07-18,2016-07-19,2016-07-19,2016-07-20,2016-07-20,2016-07-21,0,0,4.31120538711548,1637.96350097656,3.89431738853455,4.87336111068726,6.83144855499268,0,7.16318416595459,200.029166666667,201.029166666667,202.029166666667,80,80,71,24,26,28,62.3636363636364,56.4545454545455,56.9090909090909,8.45454545454546,9.72727272727273,11.1818181818182,20,21,22,4,4,7,20.0612697866946,17.7559209074812,14.3279764478767,5.85429135529889,6.14964891828646,6.17767240662989
"71","H2NF127",1,0,0,1,1,1,0,0,0,0,0,0,0,0,0,0,0,0,0,0,0,1,1,1,0,0,0,1,0,1,0,0,0,1,0,0,1,1,0,0,0,0,0,0,0,0,0,0,0,0,0,83.5039175775168,0.29822827706256,0.219615242116117,28,39.82332,-121.24967,2016-07-25,2016-07-28,78.624,4.67479674796748,0.813008130081301,0,0,2.64227642276423,25.8130081300813,6.70731707317073,2016-07-25,2016-07-26,2016-07-26,2016-07-27,2016-07-27,2016-07-28,0,0,6.18372440338135,1512.8935546875,0,0,0,8.22816181182861,0,207.061111111111,208.061111111111,209.061111111111,51,54,46,22,23,24,35.6363636363636,34.3636363636364,38,17,16.9090909090909,19,25,26,30,16,15,17,7.3793323176657,8.13968951831367,5.8309518948453,1.78885438199983,2.30019761996857,1.89736659610103
"72","H2NF128",0,0,0,1,1,1,0,0,0,0,0,0,0,0,0,0,0,0,0,0,0,1,1,0,0,0,0,0,0,0,0,0,0,0,0,0,0,1,1,0,0,0,0,0,0,0,0,0,0,0,0,16.5250286852946,0.137708572377455,0.0759291176572391,12,39.78572,-121.22127,2016-07-19,2016-07-22,62.192,8.94308943089431,14.4308943089431,0,0.203252032520325,0.203252032520325,11.5853658536585,4.26829268292683,2016-07-19,2016-07-20,2016-07-20,2016-07-21,2016-07-21,2016-07-22,0,0,5.87779426574707,1550.7373046875,0,0,0,6.8133339881897,0,NA,NA,NA,NA,NA,NA,NA,NA,NA,NA,NA,NA,NA,NA,NA,NA,NA,NA,NA,NA,NA,NA,NA,NA,NA,NA,NA
"73","H2NF130",0,0,0,1,0,0,0,0,0,0,0,0,0,0,0,0,0,0,0,0,0,0,0,0,0,0,0,0,0,0,0,0,0,0,0,0,0,0,0,0,1,0,0,0,0,0,0,0,0,0,0,28.7352762104245,0.159640423391247,0.188129688506278,18,39.78137,-121.22845,2016-07-25,2016-07-28,92.976,8.33333333333333,3.65853658536585,0,0,0.40650406504065,12.8048780487805,15.4471544715447,2016-07-25,2016-07-26,2016-07-26,2016-07-27,2016-07-27,2016-07-28,0,0,7,1508.23608398438,0,0,0,6.6578574180603,0,207.058333333333,208.058333333333,209.058333333333,36,40,36,22,23,24,27.0909090909091,26.4545454545455,30.7272727272727,19.9090909090909,21.7272727272727,23,19,19,26,18,21,22,6.00757098092974,6.23479969788343,3.5239440713754,1.04446593573419,0.646669790682863,0.774596669241483
"74","H2NF132",0,0,0,0,1,1,0,0,0,0,0,0,0,0,0,0,0,0,0,0,0,1,1,1,0,0,0,0,0,0,0,0,1,0,0,1,1,0,0,1,1,1,0,0,0,0,0,0,0,0,0,17.8684836597125,0.595616121990416,0.165223486616528,3,39.69232,-120.53919,2016-06-20,2016-06-23,69.888,3.86178861788618,9.55284552845528,0.813008130081301,0,3.04878048780488,10.5691056910569,12.8048780487805,2016-06-20,2016-06-21,2016-06-21,2016-06-22,2016-06-22,2016-06-23,0,6.05258417129517,3,1632.30859375,0,0,0,9.39003753662109,0,172.054166666667,173.054166666667,174.054166666667,75,76,64,15,16,17,66.2727272727273,69.3636363636364,56.9090909090909,10.5454545454545,11.1818181818182,10.8181818181818,52,58,44,8,8,7,6.69463828882351,5.67930853665703,5.61167613916814,2.25227158058864,2.40075745622842,2.99393325971645
"75","H2NF133",0,0,0,0,0,0,0,0,0,1,0,0,0,0,0,0,0,0,0,0,0,1,0,0,0,0,0,0,0,0,0,0,0,0,0,0,0,0,0,1,0,0,0,0,0,0,0,0,0,0,0,36.3924135027067,0.454905168783833,0.354856140225393,8,39.66322,-120.50739,2016-06-13,2016-06-16,43.68,4.26829268292683,6.91056910569106,0,2.03252032520325,3.04878048780488,14.6341463414634,9.75609756097561,2016-06-13,2016-06-14,2016-06-14,2016-06-15,2016-06-15,2016-06-16,0,0,4.04914712905884,1962.22900390625,0,0,0,9.56833648681641,0,165.042361111111,166.042361111111,167.042361111111,66,89,95,13,7,3,56.8181818181818,83.1818181818182,85,7.90909090909091,3.54545454545455,0.818181818181818,48,69,57,5,1,0,6.0797727230248,5.84496675470754,11.5412304370028,2.73695251893581,1.86352549559357,0.981649817214043
"76","H2NF134",0,0,0,0,1,0,0,0,0,0,0,0,0,0,0,0,0,0,0,0,0,1,0,0,0,0,0,0,0,0,0,0,1,0,0,0,0,0,0,0,0,0,0,0,0,0,0,0,0,0,0,36.4341888310178,0.242894592206785,0.103410650534996,15,39.74457,-120.90173,2016-06-21,2016-06-24,82.992,3.65853658536585,6.70731707317073,0,0,0.40650406504065,19.1056910569106,10.7723577235772,2016-06-21,2016-06-22,2016-06-22,2016-06-23,2016-06-23,2016-06-24,0,0,8.2225866317749,1724.4013671875,0,0,0,9.22179317474365,0,173.038194444444,174.038194444444,175.038194444444,90,88,100,16,15,14,83.2727272727273,76.9090909090909,89.9090909090909,9.54545454545454,8,8,66,55,60,7,5,5,6.8860861030183,9.55462762701452,13.064873098921,2.84125452445346,3.09838667696593,2.79284800875379
"77","H2NF135",0,0,0,1,1,1,0,0,0,0,0,0,0,0,0,0,0,0,0,0,0,0,0,0,0,0,0,0,0,0,1,0,0,0,0,0,0,0,0,0,0,0,0,0,0,0,0,0,0,0,0,2.50752500831577,0.0835841669438588,0.0305577471154299,3,39.75097,-120.78683,2016-06-13,2016-06-16,73.424,1.6260162601626,8.53658536585366,0,6.09756097560976,0,12.6016260162602,11.9918699186992,2016-06-13,2016-06-14,2016-06-14,2016-06-15,2016-06-15,2016-06-16,0,0,3.12159013748169,1887.79016113281,0,0,0,8.75843715667725,0,165.048611111111,166.048611111111,167.048611111111,83,98,87,11,7,3,73.2727272727273,83.9090909090909,83.7272727272727,7.63636363636364,4.09090909090909,2.27272727272727,61,61,65,4,2,2,5.38685268205673,11.2557056238562,6.35752953734246,2.24823162831267,1.70026735865542,0.467099366496914
"78","H2NF136",0,0,0,1,1,1,0,0,0,0,0,0,1,0,0,0,0,0,0,0,0,1,1,1,0,0,0,0,0,0,1,0,0,0,0,0,1,1,1,1,0,1,0,0,0,0,0,0,0,0,0,68.2925851302289,0.325202786334423,0.222093868354241,21,40.1413,-121.02134,2016-06-21,2016-06-24,86.112,3.2520325203252,0.609756097560976,0.203252032520325,0.813008130081301,0,28.2520325203252,7.52032520325203,2016-06-21,2016-06-22,2016-06-22,2016-06-23,2016-06-23,2016-06-24,0,5.78470039367676,3,1575.66162109375,0,0,0,7.63158750534058,0,NA,NA,NA,NA,NA,NA,NA,NA,NA,NA,NA,NA,NA,NA,NA,NA,NA,NA,NA,NA,NA,NA,NA,NA,NA,NA,NA
"79","H2NF137",0,0,0,0,0,0,0,0,0,0,0,0,0,0,0,0,0,0,0,0,0,0,0,0,0,0,0,0,1,1,1,0,0,0,0,0,0,0,1,0,0,0,0,0,0,0,0,0,0,0,0,53.5623875978383,0.382588482841702,0.170447748873598,14,40.08705,-120.9907,2016-08-02,2016-08-05,64.272,1.21951219512195,5.08130081300813,0.203252032520325,2.4390243902439,1.42276422764228,21.7479674796748,8.53658536585366,2016-08-02,2016-08-03,2016-08-03,2016-08-04,2016-08-04,2016-08-05,0,6.05258417129517,5.32013607025146,1610.69091796875,0,0,0,8.56835746765137,0,215.047222222222,216.047222222222,217.047222222222,48,60,43,20,22,20,40.5454545454545,50.0909090909091,35.0909090909091,16,16.9090909090909,15.7272727272727,30,39,27,13,13,13,6.07229176445988,7.21740320966683,5.06862003812764,2.44948974278318,2.73695251893581,2.00454030096225
"80","H2NF138",0,0,0,1,1,1,0,0,0,0,0,0,1,1,1,0,0,0,0,0,0,1,1,1,0,0,0,1,1,1,1,1,1,0,0,0,1,1,1,0,0,0,0,0,0,0,0,0,0,0,0,46.1837132243887,0.659767331776982,0.497362950305999,7,39.75139,-120.8992,2016-07-12,2016-07-15,63.232,9.55284552845528,11.1788617886179,0.813008130081301,0,0,17.0731707317073,2.03252032520325,2016-07-12,2016-07-13,2016-07-13,2016-07-14,2016-07-14,2016-07-15,0,0,9.10133171081543,1778.13171386719,0,0,0,9.19374084472656,0,194.048611111111,195.048611111111,196.048611111111,72,66,63,13,16,17,66.9090909090909,62.0909090909091,52.8181818181818,10.9090909090909,13.7272727272727,14.0909090909091,61,56,43,10,12,13,3.61813613493316,3.17661912902839,6.19383858068939,0.943879807448539,1.1037127426019,1.22102788293679
"81","H2NF139",0,0,0,1,1,1,0,1,0,0,0,0,0,1,0,0,0,0,0,0,0,1,0,1,0,0,0,0,0,0,0,0,0,0,1,1,0,0,0,0,0,0,0,0,0,0,0,0,0,0,0,71.816006954936,0.247641403292883,0.179535563911897,29,39.75259,-120.88934,2016-07-12,2016-07-15,84.656,5.28455284552846,3.65853658536585,0,0,0.203252032520325,25.4065040650407,4.26829268292683,2016-07-12,2016-07-13,2016-07-13,2016-07-14,2016-07-14,2016-07-15,0,0,4.58203077316284,1811.85791015625,0,0,0,9.08483028411865,0,NA,NA,NA,NA,NA,NA,NA,NA,NA,NA,NA,NA,NA,NA,NA,NA,NA,NA,NA,NA,NA,NA,NA,NA,NA,NA,NA
"82","H2NF140",0,0,0,1,1,1,0,1,0,0,0,0,0,0,0,0,0,0,0,0,0,0,1,1,0,0,0,0,0,0,0,0,0,0,0,0,0,0,0,0,0,0,0,0,0,0,0,0,0,0,0,146.137504736945,0.63538045537802,0.493395722819251,23,39.74384,-120.91347,2016-07-12,2016-07-15,77.792,4.0650406504065,4.47154471544715,0,0,1.21951219512195,20.1219512195122,10.7723577235772,2016-07-12,2016-07-13,2016-07-13,2016-07-14,2016-07-14,2016-07-15,0,0,3,1752.37438964844,0,0,0,9.11173820495605,0,194.059722222222,195.059722222222,196.059722222222,49,49,47,15,19,19,46.5454545454545,45.8181818181818,38.6363636363636,13.2727272727273,16.0909090909091,16.1818181818182,44,40,30,12,15,15,1.57249078621379,3.34120283186106,5.16280403022868,0.786245393106897,1.22102788293679,1.32801971507819
"83","H2NF141",0,0,0,1,0,0,0,0,0,0,0,0,1,0,0,0,0,0,0,0,0,0,1,1,0,0,0,0,0,0,1,1,1,0,0,0,0,0,1,1,0,0,0,0,0,0,0,0,0,0,0,0.891968840188848,0.0891968840188848,0,1,39.75331,-120.89001,2016-06-21,2016-06-24,26.208,0.40650406504065,21.5447154471545,0,0,13.6178861788618,3.86178861788618,1.21951219512195,2016-06-21,2016-06-22,2016-06-22,2016-06-23,2016-06-23,2016-06-24,0,0,4.58203077316284,1811.85791015625,0,0,0,9.08483028411865,0,173.050011574074,174.050011574074,175.050011574074,77,74,97,14,13,13,64,54.4545454545455,87.1818181818182,10.0909090909091,8.36363636363636,7.36363636363636,54,43,59,9,7,5,6.87022561492707,10.5391046713052,11.4264446072974,1.57826141399614,1.85864075456917,2.33549683248457
"84","H2NF142",0,0,0,0,1,0,0,0,0,0,0,0,0,1,0,0,0,0,0,0,0,0,1,1,0,0,0,0,1,1,1,1,0,0,0,0,1,1,1,0,0,0,0,0,0,0,0,0,0,0,0,15.9732550595814,0.228189357994019,0.261144420248785,7,39.75402,-120.91549,2016-06-25,2016-06-28,33.488,1.42276422764228,17.0731707317073,6.50406504065041,1.21951219512195,1.6260162601626,6.30081300813008,6.50406504065041,2016-06-25,2016-06-26,2016-06-26,2016-06-27,2016-06-27,2016-06-28,0,0,4.47641611099243,1863.31384277344,0,0,0,9.15268230438232,0,177.054178240741,178.054178240741,179.054178240741,73,64,66,15,17,17,64.2727272727273,50.8181818181818,58.0909090909091,12.5454545454545,13.6363636363636,13,58,44,45,12,13,11,4.54072481198562,7.5738785548513,6.37894263110346,0.934198732993828,1.20604537831105,1.73205080756888
"85","H2NF143",0,0,0,0,0,0,0,0,0,0,0,0,0,0,0,0,0,0,0,0,0,0,0,0,0,0,0,0,0,0,1,1,0,0,0,0,1,1,1,1,0,0,0,0,0,0,0,0,0,0,0,2.78981281620408,0.0557962563240815,0.0623320262671576,5,39.74999,-120.91285,2016-07-06,2016-07-09,43.472,9.34959349593496,23.3739837398374,0,0,0,7.72357723577236,0.40650406504065,2016-07-06,2016-07-07,2016-07-07,2016-07-08,2016-07-08,2016-07-09,0,0,3,1806.81616210938,0,0,0,9.1700963973999,0,188.035416666667,189.035416666667,190.035416666667,82,85,89,12,13,13,77.4545454545455,79.2727272727273,81.8181818181818,9.09090909090909,9.54545454545454,9.27272727272727,67,68,70,8,7,8,4.10764254441976,5.13986204271883,6.11258017236881,1.300349603341,1.86352549559357,1.61807966991178
"86","H3F144",0,1,0,1,1,0,0,0,0,0,0,0,1,1,0,0,0,0,0,0,0,1,1,1,0,0,0,0,0,0,0,0,0,0,0,0,0,0,0,1,0,0,0,0,0,0,0,0,0,0,0,51.5528442950247,0.468662220863861,0.329582319600222,11,40.11971,-121.09054,2016-07-26,2016-07-29,65.312,3.04878048780488,6.30081300813008,3.04878048780488,0.203252032520325,4.8780487804878,8.13008130081301,15.0406504065041,2016-07-26,2016-07-27,2016-07-27,2016-07-28,2016-07-28,2016-07-29,5.78503561019897,6.28230857849121,4.93627786636353,1265.70007324219,2,1.79771792888641,1.79771792888641,0,8.18717575073242,208.038194444444,209.038194444444,210.038194444444,79,67,62,26,26,28,56.5454545454545,46.2727272727273,50.8181818181818,19.9090909090909,20.2727272727273,22.2727272727273,37,22,35,15,16,18,14.5558485590064,14.4366956682678,8.51842921926551,3.41919714127587,3.46672494123514,3.10131936733091
"87","H3F146",0,0,0,1,0,1,0,0,0,0,0,0,1,1,1,0,0,0,0,0,0,1,1,1,0,0,0,1,0,0,1,0,0,0,0,0,0,0,0,0,0,1,0,0,0,0,0,0,0,0,0,26.8311097791939,0.149061720995522,0.155503472553722,18,40.2226,-120.81236,2016-07-26,2016-07-29,52.416,8.94308943089431,2.23577235772358,0.40650406504065,1.82926829268293,4.0650406504065,13.0081300813008,10.3658536585366,2016-07-26,2016-07-27,2016-07-27,2016-07-28,2016-07-28,2016-07-29,5.78352451324463,5.78352451324463,3,1738.09130859375,2.14079833030701,1.3976114988327,2.27115678787231,0,8.19047546386719,208.042361111111,209.042361111111,210.042361111111,74,80,56,22,22,26,57.3636363636364,45.4545454545455,46.4545454545455,16.2727272727273,16.7272727272727,19.6363636363636,35,32,36,12,13,16,11.3778093433906,13.419117976705,5.62785281192812,3.19658909123175,2.90141031537799,3.0090771765685
"88","H3F147",1,0,0,1,1,1,0,0,0,0,0,0,1,1,1,0,0,0,0,0,0,1,1,1,0,0,0,0,0,0,1,1,0,0,0,0,0,1,0,0,0,0,0,0,0,0,0,0,0,0,0,77.9010598674353,0.973763248342941,0.311321449774606,8,39.97871,-121.21249,2016-07-26,2016-07-29,63.44,4.26829268292683,14.4308943089431,0.203252032520325,0.813008130081301,3.2520325203252,9.14634146341463,8.53658536585366,2016-07-26,2016-07-27,2016-07-27,2016-07-28,2016-07-28,2016-07-29,5.7870979309082,7.1652193069458,4.00686311721802,1919.29028320312,1.95258188247681,2.27010893821716,2.90516328811646,0,6.74455499649048,208.057638888889,209.057638888889,210.057638888889,81,66,74,19,19,21,73.4545454545455,53.3636363636364,68.4545454545455,12.0909090909091,13,15,56,46,53,8,11,13,6.96223579554207,6.08724448782415,5.52021079966402,3.23896728771828,2.5298221281347,2.5298221281347
"89","H3F148",0,0,0,1,1,1,0,0,0,0,0,0,0,1,1,0,0,0,0,0,0,1,0,1,0,0,0,0,0,1,1,1,1,0,0,0,0,0,0,0,0,0,0,0,0,0,0,0,0,0,0,0,0,0,1,40.2378,-120.82378,2016-07-04,2016-07-07,0,0.609756097560976,5.89430894308943,19.5121951219512,0.203252032520325,0.813008130081301,12.6016260162602,0,2016-07-04,2016-07-05,2016-07-05,2016-07-06,2016-07-06,2016-07-07,5.78329992294312,0,3,1766.17199707031,3.56358647346497,4.43935632705688,6.18510675430298,0,7.5048360824585,186.051388888889,187.051388888889,188.051388888889,100,100,100,14,12,12,94.3636363636364,93.9090909090909,94.6363636363636,6.09090909090909,4.63636363636364,4,65,66,65,2,1,1,10.9751786069542,10.9950402041516,11.020641789594,3.50583928480886,3.20227192076898,3.286335345031
"90","H3F150",1,0,1,1,0,1,0,0,0,0,0,0,0,0,0,0,0,0,0,0,0,1,1,0,0,0,0,0,0,0,0,0,0,0,0,0,0,0,0,0,0,0,0,0,0,0,0,0,0,0,0,40.4760912532917,0.505951140666146,0.471342753626437,8,39.92145,-121.23913,2016-07-19,2016-07-22,83.616,0.609756097560976,18.0894308943089,0,0.609756097560976,0,18.2926829268293,3.04878048780488,2016-07-19,2016-07-20,2016-07-20,2016-07-21,2016-07-21,2016-07-22,5.78793096542358,0,3.81467127799988,1533.76403808594,2.83141827583313,1.85853004455566,2.68994808197021,0,7.50565385818481,201.034027777778,202.034027777778,203.034027777778,65,65,56,18,19,19,60.9090909090909,59.7272727272727,52.6363636363636,12.5454545454545,14.2727272727273,14.3636363636364,48,55,50,11,13,12,4.65735000734421,3.03614588222994,2.06265495285699,2.06705763652765,1.84883255547435,1.85864075456917
"91","H3F151",0,1,0,1,1,1,0,0,0,1,1,0,1,1,1,0,0,0,0,0,0,1,1,1,0,1,0,0,0,0,0,0,1,0,0,0,0,0,0,0,0,0,0,0,0,0,0,0,0,0,0,41.1694721678655,0.27446314778577,0.251786653367906,15,40.11913,-121.09205,2016-07-26,2016-07-29,68.848,3.04878048780488,3.65853658536585,1.82926829268293,0,0,13.6178861788618,18.4959349593496,2016-07-26,2016-07-27,2016-07-27,2016-07-28,2016-07-28,2016-07-29,5.78503561019897,6.28230857849121,4.93627786636353,1265.70007324219,2,1.79771792888641,1.79771792888641,0,8.18717575073242,208.055555555556,209.055555555556,210.055555555556,68,60,52,25,26,28,50.7272727272727,41.3636363636364,44,20.0909090909091,20.3636363636364,23.0909090909091,37,22,32,16,16,20,11.5679808876995,12.5081791422471,5.93295878967653,2.9480347845487,3.35477949417625,2.50816847339031
"92","H3NF152",0,0,0,0,0,1,0,0,0,0,0,0,0,1,1,0,0,0,0,0,0,0,1,1,0,0,0,0,0,1,1,0,0,0,0,0,0,0,0,0,0,0,0,0,0,0,0,0,0,0,0,15.1664390882681,0.216663415546687,0.0542092952749202,7,39.93297,-120.64469,2016-07-11,2016-07-14,32.448,3.45528455284553,14.2276422764228,5.28455284552846,1.01626016260163,0.609756097560976,6.30081300813008,9.55284552845528,2016-07-11,2016-07-12,2016-07-12,2016-07-13,2016-07-13,2016-07-14,5.78776454925537,0,5.14920330047607,1871.64733886719,0,0,0,8.67788219451904,0,193.025694444444,194.025694444444,195.025694444444,78,92,83,15,14,17,68.6363636363636,78.0909090909091,70.8181818181818,6.27272727272727,7.18181818181818,9.81818181818182,47,52,46,3,4,6,8.81218165124536,13.3375750828593,11.9400015227652,3.95198454174378,3.45884899404937,3.45884899404937
"93","H3NF153",0,0,0,1,1,1,0,0,0,0,0,0,1,1,0,0,0,0,0,0,0,1,1,1,0,0,0,0,0,0,1,1,1,1,1,1,1,0,1,0,0,0,0,0,0,0,0,0,0,0,0,4.6324275933692,0.0926485518673839,0.0704166040647697,5,39.71958,-120.51893,2016-06-20,2016-06-23,36.4,1.01626016260163,8.13008130081301,8.33333333333333,1.01626016260163,3.65853658536585,3.04878048780488,15.4471544715447,2016-06-20,2016-06-21,2016-06-21,2016-06-22,2016-06-22,2016-06-23,5.79086112976074,5.79086112976074,3,1661.12780761719,0,0,0,9.05733966827393,0,172.029861111111,173.029861111111,174.029861111111,58,58,54,19,19,18,43.4545454545455,52.4545454545455,45.9090909090909,12.3636363636364,12,11,28,39,31,9,9,7,9.19090459490943,5.61005590638162,8.09264537039089,2.76668492144398,3.06594194335118,3.19374388453426
"94","H3NF154",0,0,0,0,0,0,0,0,0,0,0,0,0,0,0,0,0,0,0,0,0,0,0,0,0,0,0,0,0,0,0,0,0,0,0,1,0,0,0,0,0,0,0,0,0,0,0,0,0,0,0,33.7936252278041,0.198786030751789,0.220560426132597,17,39.92187,-121.18145,2016-06-14,2016-07-17,72.592,5.89430894308943,5.08130081300813,0,0,0.40650406504065,22.7642276422764,6.50406504065041,2016-06-14,2016-07-15,2016-06-15,2016-07-16,2016-06-16,2016-07-17,0,6.28338003158569,4.29839897155762,1738.71154785156,0,0,0,7.73121118545532,0,168.171527777778,168.671527777778,169.171527777778,100,100,100,39,39,25,67.9911504424779,68.3033707865169,66.5384615384615,12.716814159292,14.1348314606742,15.8923076923077,24,27,48,1,2,2,21.7302848147223,20.2542949959116,17.1810914625979,7.55511773869289,7.45469804771698,5.90583153788238
"95","H3NF155",0,0,0,1,1,1,0,0,0,0,0,0,0,0,0,0,0,0,0,0,0,1,1,1,0,0,0,1,0,1,1,1,1,0,0,0,1,1,1,1,0,1,0,0,0,0,0,0,0,0,0,40.1062708200927,0.286473363000662,0.328210077099759,14,40.05492,-120.56085,2016-06-20,2016-06-23,50.96,3.04878048780488,5.48780487804878,2.03252032520325,1.82926829268293,0.203252032520325,11.9918699186992,14.0243902439024,2016-06-20,2016-06-21,2016-06-21,2016-06-22,2016-06-22,2016-06-23,5.7859845161438,6.28268003463745,8.09202766418457,1688.43957519531,0,0,0,8.16952323913574,0,172.026388888889,173.026388888889,174.026388888889,83,81,75,19,21,20,52.9090909090909,58.3636363636364,49.4545454545455,9.27272727272727,10,9.81818181818182,28,32,27,2,3,2,18.8491620262257,17.019240448814,15.5651125043389,5.36825686961623,5.8309518948453,5.4921431485019
"96","H3NF156",0,0,0,1,0,0,0,0,0,1,1,0,1,1,1,0,0,0,1,1,1,1,1,1,0,0,0,1,0,0,1,1,1,0,0,0,1,1,1,1,0,1,0,0,0,0,0,0,0,0,0,0,0,0,1,39.9171,-120.46091,2016-07-05,2016-07-08,8.112,9.95934959349593,15.8536585365854,0,0,13.0081300813008,0.40650406504065,1.42276422764228,2016-07-05,2016-07-06,2016-07-06,2016-07-07,2016-07-07,2016-07-08,0,0,2.37586498260498,2046.0390625,0,0,0,9.014235496521,0,187.054166666667,188.054166666667,189.054166666667,65,75,90,11,12,12,58.7272727272727,66.9090909090909,79.4545454545455,8.18181818181818,8,7.27272727272727,48,53,58,6,6,5,4.73478424198842,7.09160835712951,8.5248300436271,1.53741222957161,1.94935886896179,2.2401298663653
"97","H3NF157",0,0,0,1,0,1,0,0,0,0,0,0,0,0,0,0,0,0,0,0,0,0,1,0,0,0,0,0,0,0,0,0,0,0,0,0,1,0,1,0,0,1,0,0,0,0,0,0,0,0,0,103.589006911841,0.272602649768003,0.198578421606248,38,39.68528,-120.62944,2016-07-11,2016-07-14,76.96,3.65853658536585,12.3983739837398,0,0,2.64227642276423,12.6016260162602,9.34959349593496,2016-07-11,2016-07-12,2016-07-12,2016-07-13,2016-07-13,2016-07-14,5.79135656356812,0,3.0659396648407,2062.20043945312,0,0,0,9.57691478729248,0,193.040972222222,194.040972222222,195.040972222222,60,62,56,14,16,19,52.0909090909091,55.6363636363636,46.0909090909091,9.36363636363636,10.6363636363636,13.2727272727273,41,43,30,8,9,11,5.82158991091859,5.51856371300952,9.47052844834485,2.06265495285699,2.11057941204435,2.37027041035022
"98","H3NF159",0,0,0,1,0,1,0,0,0,0,1,1,0,0,0,0,0,0,0,0,0,1,1,1,0,0,0,0,1,0,1,1,1,0,0,0,0,0,0,0,0,0,0,0,0,0,0,0,0,0,0,70.0554662858459,0.538888202198815,0.269696355719404,13,39.91381,-120.6561,2016-07-05,2016-07-08,68.224,3.04878048780488,7.92682926829268,0,1.01626016260163,0,14.2276422764228,14.4308943089431,2016-07-05,2016-07-06,2016-07-06,2016-07-07,2016-07-07,2016-07-08,5.78804206848145,5.78804206848145,3,2131.22900390625,0,0,0,8.52603340148926,0,187.056944444444,188.056944444444,189.056944444444,55,65,73,14,14,14,49.0909090909091,57.1818181818182,66.4545454545455,10.8181818181818,10.1818181818182,10.4545454545455,43,50,53,9,9,9,3.01511344577764,4.3547257506801,5.08652408553496,1.40129809949074,1.4709304414677,1.50755672288882
"99","H4F160",0,0,0,1,1,1,0,0,0,0,0,0,1,1,1,0,0,0,0,0,0,1,1,1,0,0,0,1,0,0,1,1,1,1,0,0,1,1,1,1,1,1,0,0,1,0,1,0,0,0,0,8.05951247935396,0.805951247935396,0,1,40.17503,-120.50477,2016-06-27,2016-06-30,27.456,1.6260162601626,5.69105691056911,30.8943089430894,0.609756097560976,0,1.01626016260163,0.813008130081301,2016-06-27,2016-06-28,2016-06-28,2016-06-29,2016-06-29,2016-06-30,0,0,12.9290685653687,1788.81018066406,0.144288748502731,0.144288718700409,0.144288718700409,0,0,179.029872685185,180.029872685185,181.029872685185,100,100,100,18,17,16,95.4545454545455,95.3636363636364,95.8181818181818,2.45454545454545,2,3.27272727272727,59,59,61,-3,-3,-1,12.3884110067727,12.4279743101821,11.7372755085512,6.56298158406126,6.18061485614498,5.27429443794919
"100","H4F161",0,0,0,0,0,0,1,0,0,0,0,0,0,0,0,0,0,0,0,0,0,0,0,0,0,0,0,1,1,1,1,1,1,0,0,0,0,0,1,1,1,1,0,0,0,0,0,0,0,0,0,21.2008259652466,0.424016519304932,0.274059959132816,5,40.08657,-120.29188,2016-07-18,2016-07-21,3.536,1.01626016260163,18.2926829268293,13.0081300813008,1.21951219512195,3.65853658536585,1.42276422764228,2.03252032520325,2016-07-18,2016-07-19,2016-07-19,2016-07-20,2016-07-20,2016-07-21,0,0,15.8965082168579,1847.72680664062,3.90501976013184,4.87282562255859,6.80843687057495,0,7.6601390838623,200.045138888889,201.045138888889,202.045138888889,100,100,99,12,14,16,79.1818181818182,72.9090909090909,79.3636363636364,1.09090909090909,4,3.54545454545455,38,37,33,-3,-1,0,21.2123463191519,21.6215380833767,21.2286256138862,4.65735000734421,5,5.10614602931871
"101","H4F164",0,1,0,1,1,1,0,0,0,0,0,0,1,1,1,1,0,0,0,0,0,1,1,1,0,0,0,1,1,1,1,1,1,0,0,0,1,1,1,0,1,1,1,0,1,0,0,0,0,0,0,19.7407707794907,0.394815415589815,0.608800411971516,5,40.02632,-121.25967,2016-06-28,2016-07-01,21.632,1.21951219512195,24.1869918699187,3.2520325203252,0,7.11382113821138,4.8780487804878,0,2016-06-28,2016-06-29,2016-06-29,2016-06-30,2016-06-30,2016-07-01,0,7.42640924453735,10.1902618408203,1080.98986816406,3.48686456680298,3.37006425857544,5.47073888778687,0,7.96603393554688,180.053472222222,181.053472222222,182.053472222222,100,100,100,17,19,21,89.3636363636364,87.3636363636364,90.2727272727273,9.90909090909091,11.1818181818182,13.2727272727273,59,52,59,7,8,9,13.4035273512067,14.9350107283037,13.4617302683638,3.2696955654784,3.40053471731085,3.71728150913834
"102","H4F165",0,0,0,0,1,0,0,0,0,0,0,0,0,0,0,0,0,0,0,0,0,0,0,0,0,0,0,0,0,0,0,0,0,0,0,0,0,0,0,0,0,0,0,0,0,0,0,0,0,0,0,41.8302040807869,0.144242083037196,0.209702191452158,29,40.06257,-120.34365,2016-06-27,2016-06-30,50.336,5.69105691056911,14.6341463414634,0,2.03252032520325,2.03252032520325,3.04878048780488,13.2113821138211,2016-06-27,2016-06-28,2016-06-28,2016-06-29,2016-06-29,2016-06-30,0,0,11.1679029464722,1828.84838867188,2.28828573226929,2.17072820663452,3.05317068099976,0,6.65493249893188,179.061122685185,180.061122685185,181.061122685185,91,86,83,18,19,19,73.1818181818182,66.8181818181818,63.1818181818182,8.36363636363636,9.18181818181818,9.54545454545454,44,39,38,4,4,6,15.8355181905625,15.4843029020888,15.7405094061036,4.65344447205997,4.8128615566663,4.22761484441609
"103","H4F166",0,0,0,1,1,1,0,0,0,0,0,0,0,0,1,0,0,0,0,0,1,1,1,1,0,0,0,1,1,1,1,1,1,0,0,0,1,1,1,0,0,0,0,0,0,0,0,0,0,0,0,26.4625145671298,0.378035922387569,0.391282130464458,7,40.20381,-120.79992,2016-07-11,2016-07-14,7.28,12.6016260162602,6.09756097560976,6.50406504065041,2.03252032520325,4.0650406504065,12.3983739837398,1.01626016260163,2016-07-11,2016-07-12,2016-07-12,2016-07-13,2016-07-13,2016-07-14,5.78380489349365,6.74455499649048,18,1608.54296875,3.54051852226257,4.72499799728394,6.26551675796509,0,8.14787292480469,193.061111111111,194.061111111111,195.061111111111,79,79,60,13,12,16,70.3636363636364,69.0909090909091,50.1818181818182,7.45454545454545,8.27272727272727,11.2727272727273,49,58,39,5,6,8,8.68645758952091,6.60990991549122,7.16684284490991,2.50454132981017,2.10194714923611,2.76010539983201
"104","H4NF170",0,0,0,0,0,0,0,0,0,0,0,0,0,0,0,0,0,0,0,0,0,1,1,1,0,0,0,0,0,1,1,1,1,0,0,0,0,0,1,0,0,0,0,0,0,0,0,0,0,0,0,36.9198869092444,0.230749293182777,0.108257910885516,16,40.19494,-120.50232,2016-06-20,2016-06-23,59.28,4.0650406504065,6.30081300813008,2.03252032520325,0.203252032520325,2.84552845528455,4.0650406504065,21.1382113821138,2016-06-20,2016-06-21,2016-06-21,2016-06-22,2016-06-22,2016-06-23,0,0,16,1792.47827148438,0,0,0,7.16340732574463,0,172.034722222222,173.034722222222,174.034722222222,92,91,81,18,20,18,69.4545454545455,67.2727272727273,54.8181818181818,6.63636363636364,8,8.18181818181818,34,32,26,1,1,1,18.0906806746658,19.6371632833814,18.872298120887,5.59057648678072,6.34034699365894,5.32575218759157
"105","H4NF171",0,0,0,1,1,1,0,0,0,0,0,0,1,1,1,0,0,0,0,0,0,1,0,1,0,0,0,0,1,0,1,0,1,0,0,0,1,0,0,1,1,0,0,0,0,0,0,0,0,0,0,26.8566116575594,0.191832940411139,0.300892247445859,14,40.22554,-120.50761,2016-07-04,2016-07-07,59.696,2.64227642276423,0.40650406504065,1.6260162601626,0.609756097560976,0,17.479674796748,17.8861788617886,2016-07-04,2016-07-05,2016-07-05,2016-07-06,2016-07-06,2016-07-07,0,0,16,1844.37585449219,0,0,0,7.72673654556274,0,186.057638888889,187.057638888889,188.057638888889,88,91,92,18,17,16,63.4545454545455,69.4545454545455,69.0909090909091,10.3636363636364,9.18181818181818,8.18181818181818,38,42,41,4,3,3,17.2879358881483,17.3859922717321,19.3000235515636,4.54472721453614,4.6865377800287,4.53471458458373
"106","H4NF172",0,0,0,0,0,0,0,0,0,0,0,0,0,0,0,0,0,0,0,0,0,1,0,0,0,0,0,0,0,0,0,0,0,0,0,0,0,0,0,0,0,0,0,0,0,0,0,0,0,0,0,68.7643580990185,0.36191767420536,0.35042124231463,19,39.65134,-120.51038,2016-06-13,2016-06-16,54.704,2.4390243902439,4.26829268292683,0,2.84552845528455,2.64227642276423,17.479674796748,10.9756097560976,2016-06-13,2016-06-14,2016-06-14,2016-06-15,2016-06-15,2016-06-16,0,5.79185152053833,20,2138.43334960938,0,0,0,9.65613269805908,0,165.052777777778,166.052777777778,167.052777777778,70,87,95,10,5,1,62.7272727272727,82.8181818181818,87.0909090909091,6.18181818181818,2.36363636363636,0,58,77,63,4,0,-1,4.36098404241311,2.89199522192489,9.87374848225886,2.18257562609784,1.43336856898198,0.447213595499958
"107","H4NF173",0,0,0,0,1,0,0,0,0,0,0,0,1,0,0,0,0,0,1,0,0,0,1,1,0,0,0,0,0,0,0,0,0,0,0,0,0,0,0,0,0,0,0,0,0,0,0,0,0,0,0,164.978366300815,0.611030986299313,0.585448281401029,27,39.69536,-120.61405,2016-07-11,2016-07-14,52.208,4.0650406504065,5.89430894308943,0,0,9.95934959349593,15.8536585365854,4.67479674796748,2016-07-11,2016-07-12,2016-07-12,2016-07-13,2016-07-13,2016-07-14,0,5.79119157791138,18.4064445495605,2161.982421875,0,0,0,9.48552131652832,0,193.034027777778,194.034027777778,195.034027777778,61,58,57,13,14,17,54,53.3636363636364,48.2727272727273,8.81818181818182,10.6363636363636,12.7272727272727,44,46,34,7,9,11,5.3665631459995,3.90570678041062,7.92579218868258,1.83402190925746,1.36181696807811,1.61807966991178
"108","H4NF174",0,0,0,1,0,1,0,0,0,0,0,0,0,0,0,0,0,0,0,0,0,1,0,0,0,0,0,1,1,1,1,1,1,0,0,0,0,1,0,0,0,0,0,0,0,0,0,0,0,0,0,2.92906391057444,0.0732265977643611,0.0538987977186659,4,40.05503,-120.65125,2016-07-18,2016-07-21,31.824,3.45528455284553,1.42276422764228,13.8211382113821,3.86178861788618,3.65853658536585,6.70731707317073,7.72357723577236,2016-07-18,2016-07-19,2016-07-19,2016-07-20,2016-07-20,2016-07-21,0,6.97490262985229,18,1545.77282714844,0,0,0,8.47914886474609,0,200.042361111111,201.042361111111,202.042361111111,64,60,51,20,21,23,46.3636363636364,44.9090909090909,42.9090909090909,10,11.2727272727273,13.0909090909091,21,25,24,6,7,9,14.2847662023061,10.9311897381259,8.15419579669933,4.09878030638384,4.0765404227337,4.0361998328761
"109","H4NF175",0,0,0,1,1,1,0,1,1,0,0,0,0,0,0,0,0,0,0,0,0,0,0,1,0,0,0,1,1,1,1,1,1,0,0,0,1,0,1,0,0,0,0,0,0,0,0,0,0,0,0,223.308709799098,0.970907433909121,1.1276801702089,23,40.07017,-120.63325,2016-07-18,2016-07-21,14.56,2.03252032520325,8.33333333333333,0.203252032520325,4.47154471544715,13.8211382113821,4.26829268292683,7.52032520325203,2016-07-18,2016-07-19,2016-07-19,2016-07-20,2016-07-20,2016-07-21,0,6.28257656097412,10.9391498565674,1627.03625488281,0,0,0,7.85712242126465,0,200.025694444444,201.025694444444,202.025694444444,61,55,46,18,19,21,43.0909090909091,40.3636363636364,39.1818181818182,10.5454545454545,12.4545454545455,13.8181818181818,22,27,24,7,8,10,13.5237165413546,10.1614243811852,6.61540900955008,3.72461102300996,3.67052138976567,3.40053471731085
"110","H5F176",0,0,0,0,0,1,0,0,0,0,0,0,0,0,0,0,0,0,0,0,0,1,0,1,0,0,0,0,0,0,0,0,0,0,0,0,0,0,0,0,0,0,0,0,0,0,0,0,0,0,0,218.17153822204,1.03891208677162,1.15715996650491,21,39.76839,-121.23464,2016-06-09,2016-06-12,91.104,3.45528455284553,2.03252032520325,0,0,0,17.2764227642276,17.8861788617886,2016-06-09,2016-06-10,2016-06-10,2016-06-11,2016-06-11,2016-06-12,0,0,3.09639167785645,1390.43579101562,0.624062240123749,0.571587681770325,0.571587681770325,0,5.79014444351196,161.034039351852,162.034039351852,163.034039351852,75,82,73,15,13,17,68.0909090909091,77.1818181818182,55.7272727272727,11.9090909090909,9.54545454545454,13.5454545454545,59,67,38,10,8,12,4.32329840410179,4.19089923090932,13.7046773700873,1.44599761096244,1.36847625946791,1.36847625946791
"111","H5F177",0,0,0,1,0,1,0,0,0,0,0,0,0,0,0,0,0,0,0,0,0,0,1,1,0,0,0,0,0,0,0,0,0,0,0,0,0,0,0,0,0,0,0,0,0,0,0,0,0,0,0,22.9606833379345,0.255118703754828,0.140720431339357,9,39.76943,-121.24965,2016-07-06,2016-07-09,64.896,4.67479674796748,6.30081300813008,0,0,0.609756097560976,15.650406504065,13.6178861788618,2016-07-06,2016-07-07,2016-07-07,2016-07-08,2016-07-08,2016-07-09,0,0,6.2515869140625,1318.33972167969,2.19683051109314,1.19683063030243,1.39366114139557,0,6.81334829330444,188.034027777778,189.034027777778,190.034027777778,66,61,85,27,26,22,56.8181818181818,55.4545454545455,68.5454545454545,15.9090909090909,15.7272727272727,14.5454545454545,32,35,36,13,13,12,8.87488796344136,7.17444961462043,15.0090881559383,3.9103592022868,3.69028207840293,2.9787123514578
"112","H5F179",0,0,NA,1,1,NA,0,0,NA,0,0,NA,1,0,NA,0,0,NA,0,0,NA,0,0,NA,0,0,NA,0,0,NA,0,0,NA,0,0,NA,0,0,NA,0,0,NA,0,0,NA,0,0,NA,0,0,NA,79.8149730898737,0.420078805736177,0.346334684578164,19,40.11494,-121.12258,2016-07-26,2016-07-29,50.336,2.23577235772358,21.1382113821138,2.23577235772358,1.01626016260163,0.40650406504065,10.1626016260163,3.45528455284553,2016-07-26,2016-07-27,2016-07-27,2016-07-28,2016-07-28,2016-07-29,0,5.78509187698364,3,1327.5107421875,2.9706552028656,2.36178374290466,3.33243918418884,0,7.39206790924072,208.059722222222,209.059722222222,210.059722222222,100,100,48,20,19,45,92.9090909090909,91.4545454545455,44.4545454545455,13.8181818181818,13.4545454545455,26.1818181818182,82,79,35,10,11,16,6.83307464403171,6.86095673158833,3.75136338851987,3.15652282799228,2.62158869251591,9.47436733315932
"113","H5F180",0,0,0,1,0,1,0,0,1,0,0,0,0,0,0,0,0,0,0,0,0,0,0,0,0,0,0,0,0,0,0,0,0,0,1,0,1,0,0,1,1,1,0,0,0,0,0,0,0,0,0,0.373252623173003,0.0373252623173003,0,1,39.75331,-121.46018,2016-06-14,2016-07-17,84.448,0,32.3170731707317,0,8.33333333333333,0,0,0,2016-06-14,2016-07-15,2016-06-15,2016-07-16,2016-06-16,2016-07-17,0,6.28428411483765,6.29948854446411,545.134460449219,0,0,0,6.05258417129517,0,NA,NA,NA,NA,NA,NA,NA,NA,NA,NA,NA,NA,NA,NA,NA,NA,NA,NA,NA,NA,NA,NA,NA,NA,NA,NA,NA
"114","H5F182",0,1,0,1,1,1,0,0,1,0,0,0,1,1,1,0,0,0,1,0,1,1,0,0,0,0,1,1,0,0,1,1,1,0,0,0,1,1,1,0,1,0,0,0,0,0,0,0,0,0,0,28.2200078913459,0.256545526284963,0.130482212878399,11,40.13125,-121.18855,2016-08-02,2016-08-05,12.688,2.03252032520325,8.94308943089431,6.91056910569106,3.45528455284553,7.92682926829268,11.1788617886179,0.203252032520325,2016-08-02,2016-08-03,2016-08-03,2016-08-04,2016-08-04,2016-08-05,0,5.78486824035645,3.28605270385742,1477.92602539062,3.16925978660583,3.81989169120789,4.98915147781372,0,6.88142919540405,215.045833333333,216.045833333333,217.045833333333,59,63,52,19,21,18,42.8181818181818,50.9090909090909,40.4545454545455,13.9090909090909,14.9090909090909,13,32,38,22,10,10,9,6.80908484039055,8.53761729587999,10.4246212052394,2.73695251893581,3.33030165163895,2.48997991959775
"115","H5NF183",0,0,0,0,0,0,0,0,0,0,0,0,0,1,0,0,0,0,0,0,0,0,0,0,0,0,0,0,0,0,0,0,0,0,0,0,0,0,0,0,0,0,0,0,0,0,0,0,0,0,0,59.4127478311512,0.540115889374102,0.577018818323739,11,39.45557,-121.177799,2016-07-06,2016-07-09,89.44,1.42276422764228,11.1788617886179,0,0,0,12.6016260162602,15.4471544715447,2016-07-06,2016-07-07,2016-07-07,2016-07-08,2016-07-08,2016-07-09,0,0,18,NA,0,0,0,7.22849130630493,0,188.042361111111,189.042361111111,190.042361111111,70,71,79,21,21,21,65.9090909090909,67.5454545454545,68.1818181818182,17.2727272727273,17.5454545454545,17.4545454545455,56,59,57,15,15,14,4.41485097040762,3.98405914523458,7.4808847313427,2.10194714923611,1.86352549559357,2.33938608885478
"116","H5NF184",1,1,0,1,1,1,0,0,0,0,0,0,0,0,0,0,0,0,0,0,0,0,0,0,0,0,0,0,0,0,0,0,0,0,0,0,0,0,0,1,0,1,0,0,0,0,0,0,0,0,0,0.0769768739945839,0.00769768739945839,0,1,39.55097,-121.20934,2016-06-25,2016-06-28,70.096,10.3658536585366,11.7886178861789,5.69105691056911,0,4.0650406504065,0,8.73983739837398,2016-06-25,2016-06-26,2016-06-26,2016-06-27,2016-06-27,2016-06-28,0,0,5,708.419006347656,0,0,0,9.15223693847656,0,177.039594907407,178.039594907407,179.039594907407,57,54,54,23,24,25,55.1818181818182,51.7272727272727,51.3636363636364,19.8181818181818,20.8181818181818,21.3636363636364,51,48,48,17,19,19,1.88775961489708,1.67874411932904,1.68954001270922,2.04049904769308,1.72152152575458,2.01359019031814
"117","H5NF185",0,0,0,1,1,1,0,0,0,0,0,0,0,0,0,0,0,0,0,0,0,0,0,0,0,0,0,0,0,0,0,0,0,0,0,0,0,0,0,0,0,0,0,0,0,0,0,0,0,0,0,22.6393219714172,0.16170944265298,0.150034906214722,14,39.80724,-120.67243,2016-06-20,2016-06-23,73.216,4.8780487804878,8.53658536585366,0.203252032520325,1.01626016260163,0,4.47154471544715,21.5447154471545,2016-06-20,2016-06-21,2016-06-21,2016-06-22,2016-06-22,2016-06-23,0,6.05258417129517,8.12978649139404,1424.15063476562,0,0,0,7.82023429870605,0,172.022222222222,173.022222222222,174.022222222222,93,89,82,19,21,20,72.9090909090909,67.2727272727273,63.1818181818182,10.3636363636364,11.3636363636364,11,45,43,37,5,6,5,15.6809090645571,13.799209463523,15.4713812041342,4.47823016989362,4.98543332665732,4.77493455452533
"118","H5NF186",0,0,0,0,1,0,0,0,0,0,0,0,0,0,0,0,0,0,0,0,0,1,1,1,0,0,0,0,0,0,0,1,0,0,0,0,1,0,1,0,0,0,0,0,1,0,0,0,0,0,0,95.5024296117763,0.382009718447105,0.356819953806274,25,39.78867,-120.68157,2016-07-18,2016-07-21,90.688,5.08130081300813,4.0650406504065,0,0,0.203252032520325,17.2764227642276,11.9918699186992,2016-07-18,2016-07-19,2016-07-19,2016-07-20,2016-07-20,2016-07-21,0,6.48148536682129,3.31195497512817,1486.30249023438,0,0,0,8.48002052307129,0,200.039583333333,201.039583333333,202.039583333333,73,65,71,17,18,20,53.1818181818182,50.0909090909091,54,11.1818181818182,12.1818181818182,12.9090909090909,30,32,33,7,7,8,14.4694034556935,11.1396099164607,13.2740348048361,3.51619629196613,3.6005050150828,3.98634031298246
"119","H5NF187",0,1,1,1,1,1,0,0,0,0,0,0,0,0,0,0,0,0,0,0,0,0,0,0,0,0,0,0,0,0,0,0,0,0,0,0,0,0,0,0,0,0,0,0,0,0,0,0,0,0,0,59.2244957453665,0.538404506776059,0.402908452123363,11,39.59568,-121.08898,2016-07-25,2016-07-28,96.72,8.33333333333333,6.50406504065041,0,0,0.40650406504065,10.5691056910569,14.8373983739837,2016-07-25,2016-07-26,2016-07-26,2016-07-27,2016-07-27,2016-07-28,0,0,3,1166.24829101562,0,0,0,9.04903602600098,0,207.059722222222,208.059722222222,209.059722222222,83,85,82,19,20,22,75,77,78.3636363636364,12.7272727272727,13.8181818181818,16.1818181818182,60,62,65,9,10,13,6.98569967862919,6.58786763680024,5.18213715126737,3.22772083956804,3.34120283186106,2.99393325971645
"120","H5NF189",0,0,0,0,1,1,0,0,0,0,0,0,0,0,0,0,0,0,0,0,0,0,0,0,0,0,0,0,0,0,0,0,0,0,0,0,0,0,0,0,0,0,0,0,0,0,0,0,0,0,0,10.33833739647,0.0397628361402693,0.0613073006972348,26,39.9698,-121.0544,2016-06-21,2016-06-24,87.152,4.26829268292683,0.40650406504065,0,0.40650406504065,0.203252032520325,22.5609756097561,13.0081300813008,2016-06-21,2016-06-22,2016-06-22,2016-06-23,2016-06-23,2016-06-24,0,5.78720903396606,3,1321.26440429688,0,0,0,7.91455793380737,0,NA,NA,NA,NA,NA,NA,NA,NA,NA,NA,NA,NA,NA,NA,NA,NA,NA,NA,NA,NA,NA,NA,NA,NA,NA,NA,NA
"121","H5NF190",0,0,0,0,0,0,0,0,0,0,0,0,0,0,0,0,0,0,0,0,0,0,0,0,0,0,0,0,0,0,0,0,0,0,0,0,1,0,1,0,0,0,0,0,0,0,0,0,0,0,0,14.4531876001603,0.120443230001336,0.0919989413610557,12,40.03802,-121.04358,2016-07-12,2016-07-15,60.528,3.04878048780488,6.09756097560976,1.21951219512195,0.609756097560976,0,15.4471544715447,14.2276422764228,2016-07-12,2016-07-13,2016-07-13,2016-07-14,2016-07-14,2016-07-15,0,0,2.88137578964233,1400.79357910156,0,0,0,8.26268100738525,0,194.054861111111,195.054861111111,196.054861111111,86,80,77,18,21,20,69.0909090909091,61.6363636363636,59.4545454545455,10.5454545454545,13.4545454545455,12.9090909090909,42,44,35,7,9,9,14.3488992292409,12.5001818168595,13.4786025712137,3.50324524872685,3.95887954764063,3.36019479954795
"122","H5NF191",0,0,0,0,0,0,0,0,0,0,0,0,0,0,0,0,0,0,0,0,0,1,1,1,0,0,0,0,0,0,0,1,0,0,0,0,1,0,0,1,0,0,0,0,0,0,0,0,0,0,0,19.064919951924,0.1733174541084,0.122318635430536,11,40.01649,-120.97843,2016-05-31,2016-06-03,51.168,1.42276422764228,0.203252032520325,1.01626016260163,1.21951219512195,6.50406504065041,5.28455284552846,26.0162601626016,2016-05-31,2016-06-01,2016-06-01,2016-06-02,2016-06-02,2016-06-03,0,0,9.91234493255615,1197.04626464844,0,0,0,9.19176197052002,0,NA,NA,NA,NA,NA,NA,NA,NA,NA,NA,NA,NA,NA,NA,NA,NA,NA,NA,NA,NA,NA,NA,NA,NA,NA,NA,NA
"123","H5NF192",0,0,0,1,1,1,0,0,1,0,0,0,0,0,0,0,0,0,0,0,0,0,0,0,0,0,0,0,0,0,1,1,1,0,0,0,1,0,0,0,1,0,0,0,0,0,0,0,0,0,0,12.8387309894621,0.427957699648738,0.257205441724613,3,39.99899,-121.02557,2016-05-31,2016-06-03,54.288,5.28455284552846,9.95934959349593,0.40650406504065,6.70731707317073,3.2520325203252,3.65853658536585,13.4146341463415,2016-05-31,2016-06-01,2016-06-01,2016-06-02,2016-06-02,2016-06-03,0,0,9.86967277526855,1372.20556640625,0,0,0,8.7722692489624,0,152.057650462963,153.057650462963,154.057650462963,98,93,95,18,16,17,74.3636363636364,76.0909090909091,74.2727272727273,11.2727272727273,9.81818181818182,9.72727272727273,41,51,48,7,6,5,17.3912203555284,11.9369556039599,14.6634982803621,3.40854541090211,2.78633026822672,3.84943915631639
